,ward,borough,%_english_is_first_language_of_no_one_in_household_2011,median_house_price_2014,median_household_income_estimate_2012_13,male_life_expectancy_2009_13,female_life_expectancy_2009_13,%_area_that_is_open_space_2014,%_travel_by_bicycle_to_work_2011,turnout_at_mayoral_election_2012,crime_rate_2014_15,%_bame_2011,%_all_older_people_aged_65_2015,%_homes_with_good_access_to_nature,%_homes_with_deficiency_in_access_to_nature,female_life_expectancy_normalised,male_life_expectancy_normalised
0,E09000001,City of London,11.9,765000.0,63620.0,84.3,88.6,18.6,5.3,48.5,656.4,21.4,15.2,0.0,100.0,1.0522319171256704,1.0564110353731946
1,E05000026,Barking and Dagenham,25.7,173000.0,33920.0,80.2,83.9,21.9,0.8,25.7,138.1,71.9,5.0,98.0,2.0,0.996413745449704,1.0050316137239645
2,E05000027,Barking and Dagenham,7.9,215000.0,32470.0,77.2,80.6,20.6,1.0,20.3,73.6,29.9,10.0,28.0,72.0,0.9572222632091314,0.9674369149562352
3,E05000028,Barking and Dagenham,10.5,210000.0,33000.0,79.0,79.3,1.9,1.6,22.5,79.9,41.2,8.7,83.0,17.0,0.9417831944476939,0.9899937342168728
4,E05000029,Barking and Dagenham,6.5,240500.0,33920.0,79.2,82.2,56.0,1.2,25.3,76.1,37.9,14.2,36.0,64.0,0.9762241939924393,0.9925000474680548
5,E05000030,Barking and Dagenham,4.5,240000.0,37400.0,77.1,81.1,50.4,1.6,24.1,66.7,24.8,14.2,100.0,0.0,0.9631603665789151,0.9661837583306441
6,E05000031,Barking and Dagenham,11.9,220000.0,32870.0,78.9,84.9,17.1,1.5,21.5,82.2,41.7,9.6,94.0,6.0,1.0082899521892714,0.9887405775912819
7,E05000032,Barking and Dagenham,18.7,200000.0,29480.0,75.5,81.1,20.8,1.4,25.6,75.8,60.4,5.4,94.0,6.0,0.9631603665789151,0.9461332523211885
8,E05000033,Barking and Dagenham,7.7,205000.0,33250.0,77.5,82.8,14.1,1.7,20.5,74.8,33.3,10.9,92.0,8.0,0.9833499180361797,0.9711963848330081
9,E05000034,Barking and Dagenham,6.2,215000.0,31340.0,76.5,80.1,36.3,1.6,22.2,83.7,32.3,11.5,9.0,91.0,0.9512841598393477,0.9586648185770983
10,E05000035,Barking and Dagenham,11.9,312750.0,40570.0,78.7,85.7,28.3,1.1,30.6,57.0,57.4,12.2,96.0,4.0,1.0177909175809252,0.9862342643400999
11,E05000036,Barking and Dagenham,8.2,212000.0,31530.0,76.8,83.3,44.8,1.6,20.5,67.9,31.2,11.0,100.0,0.0,0.9892880214059634,0.9624242884538712
12,E05000037,Barking and Dagenham,6.6,213000.0,31860.0,76.1,83.5,17.4,1.2,19.3,56.8,30.9,11.1,70.0,30.0,0.991663262753877,0.9536521920747343
13,E05000038,Barking and Dagenham,9.6,205500.0,33490.0,75.0,78.2,20.5,1.4,22.4,85.0,38.4,9.9,100.0,0.0,0.9287193670341698,0.9398674691932336
14,E05000039,Barking and Dagenham,11.2,219000.0,32580.0,76.2,84.0,43.8,2.1,22.1,95.6,54.9,5.0,77.0,23.0,0.9976013661236606,0.9549053487003254
15,E05000040,Barking and Dagenham,7.1,215000.0,33200.0,76.5,80.8,11.8,1.5,20.3,68.3,31.5,11.3,40.0,60.0,0.959597504557045,0.9586648185770983
16,E05000041,Barking and Dagenham,7.5,202500.0,31960.0,75.9,80.9,47.0,2.4,23.7,90.8,34.8,11.1,100.0,0.0,0.9607851252310018,0.9511458788235525
17,E05000042,Barking and Dagenham,8.4,235000.0,37180.0,79.9,87.2,16.0,1.0,25.9,72.4,44.0,11.8,2.0,98.0,1.0356052276902763,1.0012721438471917
18,E05000043,Barnet,10.2,435000.0,39800.0,82.3,84.8,28.0,1.0,35.5,49.4,31.6,15.9,99.0,1.0,1.0071023315153145,1.031347902861375
19,E05000044,Barnet,19.3,250000.0,29400.0,76.0,81.4,18.9,0.8,28.6,68.5,53.5,9.1,97.0,3.0,0.9667232286007854,0.9523990354491434
20,E05000045,Barnet,23.0,507500.0,38960.0,79.4,82.6,15.1,2.5,35.9,90.5,38.9,12.6,58.0,42.0,0.9809746766882662,0.9950063607192368
21,E05000046,Barnet,23.2,302500.0,30170.0,81.8,86.0,19.8,1.0,29.9,58.9,59.9,7.5,51.0,49.0,1.0213537796027954,1.0250821197334201
22,E05000047,Barnet,13.6,335000.0,38090.0,79.1,81.9,40.3,2.0,35.1,75.6,35.0,11.1,91.0,9.0,0.9726613319705691,0.9912468908424636
23,E05000048,Barnet,7.2,368000.0,39870.0,81.0,85.2,34.8,0.9,35.3,44.0,23.4,14.8,100.0,0.0,1.0118528142111416,1.0150568667286923
24,E05000049,Barnet,10.4,437500.0,41160.0,82.2,84.9,37.8,3.1,41.2,47.5,28.2,13.6,93.0,7.0,1.0082899521892714,1.0300947462357841
25,E05000050,Barnet,12.1,455000.0,38410.0,84.0,87.0,54.0,0.7,38.1,71.4,39.2,15.5,80.0,20.0,1.0332299863423628,1.0526515654964217
26,E05000051,Barnet,14.5,528000.0,45030.0,84.2,88.4,13.7,1.4,41.4,52.0,33.1,16.6,88.0,12.0,1.0498566757777572,1.0551578787476037
27,E05000052,Barnet,10.9,825000.0,53090.0,84.9,89.0,24.2,2.5,48.0,65.1,21.4,17.7,98.0,2.0,1.0569823998214976,1.0639299751267406
28,E05000053,Barnet,17.5,555250.0,40800.0,80.4,82.9,14.6,1.7,37.3,61.3,34.2,10.1,58.0,42.0,0.9845375387101365,1.0075379269751465
29,E05000054,Barnet,11.7,397250.0,38590.0,81.6,85.6,48.8,0.8,36.8,46.8,40.6,14.4,93.0,7.0,1.0166032969069683,1.0225758064822381
30,E05000055,Barnet,20.3,350000.0,38530.0,80.2,84.1,16.4,1.2,34.2,72.6,36.3,12.0,64.0,36.0,0.9987889867976173,1.0050316137239645
31,E05000056,Barnet,6.3,419422.5,43940.0,81.8,84.2,47.9,1.6,44.1,56.3,18.3,17.6,96.0,4.0,0.9999766074715741,1.0250821197334201
32,E05000057,Barnet,10.2,520000.0,41920.0,83.6,86.7,59.0,1.0,37.0,62.8,36.1,14.0,97.0,3.0,1.0296671243204927,1.0476389389940577
33,E05000058,Barnet,8.6,366000.0,41670.0,81.0,84.4,15.3,1.0,38.3,49.7,26.7,17.3,54.0,46.0,1.0023518488194876,1.0150568667286923
34,E05000059,Barnet,13.7,627750.0,46150.0,82.5,86.3,57.7,1.1,40.8,39.7,34.3,17.0,99.0,1.0,1.0249166416246656,1.033854216112557
35,E05000060,Barnet,6.9,389950.0,37040.0,78.2,83.7,43.8,0.8,35.5,57.9,27.3,16.7,91.0,9.0,0.9940385041017904,0.979968481212145
36,E05000061,Barnet,19.0,385000.0,42050.0,82.2,83.5,13.4,1.7,39.3,55.2,39.2,13.1,85.0,15.0,0.991663262753877,1.0300947462357841
37,E05000062,Barnet,24.7,346250.0,35090.0,80.7,86.0,32.0,1.3,33.2,99.9,50.6,11.2,71.0,29.0,1.0213537796027954,1.0112973968519194
38,E05000063,Barnet,16.2,370000.0,38220.0,81.9,84.0,19.3,2.0,36.7,69.3,37.6,13.8,66.0,34.0,0.9976013661236606,1.0263352763590112
39,E05000064,Bexley,1.3,250000.0,38200.0,79.5,85.4,36.0,1.0,35.1,46.5,9.8,19.3,89.0,11.0,1.014228055559055,0.9962595173448276
40,E05000065,Bexley,5.1,179500.0,33510.0,78.1,86.9,33.1,1.2,31.9,62.0,28.4,12.9,100.0,0.0,1.0320423656684061,0.9787153245865539
41,E05000066,Bexley,1.2,280000.0,40780.0,82.9,87.6,9.5,1.4,35.9,28.8,7.3,19.1,98.0,2.0,1.0403557103861032,1.038866842614921
42,E05000067,Bexley,1.7,275000.0,40340.0,82.6,86.1,13.8,1.2,38.7,37.7,9.5,19.5,100.0,0.0,1.022541400276752,1.035107372738148
43,E05000068,Bexley,1.6,315000.0,40790.0,82.9,87.0,9.1,1.1,41.2,26.3,13.1,23.3,51.0,49.0,1.0332299863423628,1.038866842614921
44,E05000069,Bexley,2.3,275000.0,40190.0,80.4,82.8,17.3,0.9,34.9,97.5,13.4,18.6,80.0,20.0,0.9833499180361797,1.0075379269751465
45,E05000070,Bexley,2.0,247000.0,34450.0,78.3,84.7,13.0,1.1,28.0,39.5,17.7,15.0,32.0,68.0,1.0059147108413578,0.9812216378377359
46,E05000071,Bexley,1.9,231500.0,34900.0,79.5,84.1,41.7,1.0,30.5,62.2,11.7,14.6,93.0,7.0,0.9987889867976173,0.9962595173448276
47,E05000072,Bexley,2.3,285000.0,35530.0,79.8,83.6,61.7,1.5,31.6,54.3,11.0,17.7,100.0,0.0,0.9928508834278336,1.0000189872216005
48,E05000073,Bexley,3.1,265750.0,38580.0,81.2,83.1,36.4,1.1,34.2,54.0,16.2,18.0,100.0,0.0,0.9869127800580498,1.0175631799798743
49,E05000074,Bexley,3.2,259497.5,36260.0,81.3,84.7,26.8,1.2,32.2,40.5,16.9,19.2,100.0,0.0,1.0059147108413578,1.0188163366054652
50,E05000075,Bexley,5.6,181000.0,33160.0,79.2,84.8,44.6,1.0,27.0,82.3,31.4,11.6,77.0,23.0,1.0071023315153145,0.9925000474680548
51,E05000076,Bexley,2.6,280000.0,39000.0,80.3,86.2,0.7,1.1,35.8,47.7,15.4,16.7,63.0,37.0,1.0237290209507088,1.0062847703495554
52,E05000077,Bexley,5.0,257500.0,35630.0,81.7,84.0,37.0,1.1,32.9,59.8,31.0,16.5,100.0,0.0,0.9976013661236606,1.0238289631078292
53,E05000078,Bexley,2.1,250000.0,40880.0,81.4,82.1,28.9,1.3,38.0,34.2,9.4,21.2,38.0,62.0,0.9750365733184825,1.0200694932310563
54,E05000079,Bexley,3.3,204497.5,29930.0,75.6,81.9,65.3,1.3,25.6,81.2,27.0,10.6,59.0,41.0,0.9726613319705691,0.9473864089467794
55,E05000080,Bexley,1.9,250000.0,37130.0,79.5,86.1,13.6,1.2,34.6,42.1,14.5,16.9,94.0,6.0,1.022541400276752,0.9962595173448276
56,E05000081,Bexley,1.1,315000.0,44010.0,81.8,88.2,46.8,1.2,42.0,33.2,8.4,22.4,100.0,0.0,1.0474814344298438,1.0250821197334201
57,E05000082,Bexley,2.4,280000.0,38510.0,80.5,84.9,5.9,1.1,34.5,30.0,17.3,15.6,77.0,23.0,1.0082899521892714,1.0087910836007374
58,E05000083,Bexley,2.2,280000.0,41220.0,80.0,82.9,25.8,1.2,40.9,50.5,10.1,19.9,96.0,4.0,0.9845375387101365,1.0025253004727825
59,E05000084,Bexley,7.6,190000.0,32100.0,78.3,81.7,70.5,1.3,27.7,54.9,52.7,7.4,100.0,0.0,0.9702860906226556,0.9812216378377359
60,E05000085,Brent,32.3,249950.0,31250.0,80.8,84.3,17.7,1.7,37.0,69.1,81.8,10.1,100.0,0.0,1.0011642281455309,1.0125505534775103
61,E05000086,Brent,22.9,333000.0,34630.0,77.9,80.8,31.6,0.5,36.0,64.7,69.7,12.4,100.0,0.0,0.959597504557045,0.9762090113353721
62,E05000087,Brent,16.2,465000.0,40020.0,82.4,85.7,9.7,4.8,33.1,70.8,43.8,12.6,75.0,25.0,1.0177909175809252,1.0326010594869661
63,E05000088,Brent,22.0,306000.0,30990.0,82.3,88.7,26.6,1.5,31.9,67.3,64.3,12.2,100.0,0.0,1.0534195377996274,1.031347902861375
64,E05000089,Brent,23.8,495000.0,33470.0,83.9,85.5,11.6,3.2,35.4,88.2,55.9,10.7,100.0,0.0,1.0154156762330118,1.0513984088708308
65,E05000090,Brent,21.9,263750.0,35590.0,80.7,83.9,39.3,1.1,32.2,58.4,62.7,12.7,95.0,5.0,0.996413745449704,1.0112973968519194
66,E05000091,Brent,23.0,305500.0,27030.0,78.1,82.9,8.9,3.5,30.4,100.3,67.0,9.0,100.0,0.0,0.9845375387101365,0.9787153245865539
67,E05000092,Brent,21.9,500000.0,34640.0,79.7,90.0,6.9,5.4,31.8,86.6,52.3,10.2,100.0,0.0,1.068858606561065,0.9987658305960097
68,E05000093,Brent,19.6,440000.0,42190.0,83.3,91.6,17.0,0.7,34.9,51.3,70.0,18.8,94.0,6.0,1.0878605373443726,1.0438794691172848
69,E05000094,Brent,18.4,444631.5,34270.0,80.1,86.0,11.1,5.8,32.8,79.3,50.0,9.4,87.0,13.0,1.0213537796027954,1.0037784570983734
70,E05000095,Brent,21.3,450000.0,36830.0,78.7,84.5,9.6,3.5,33.6,71.8,43.4,9.4,34.0,66.0,1.0035394694934443,0.9862342643400999
71,E05000096,Brent,19.8,470000.0,41100.0,80.7,84.9,32.0,1.0,29.7,64.7,68.8,13.7,81.0,19.0,1.0082899521892714,1.0112973968519194
72,E05000097,Brent,22.8,350000.0,35960.0,80.0,85.4,19.2,1.1,31.3,57.9,70.0,13.0,33.0,67.0,1.014228055559055,1.0025253004727825
73,E05000098,Brent,14.4,677500.0,42880.0,80.0,89.5,19.0,7.4,35.5,72.9,37.0,9.9,100.0,0.0,1.0629205031912812,1.0025253004727825
74,E05000099,Brent,24.1,366000.0,35110.0,81.7,83.1,13.7,0.5,32.6,65.0,72.9,12.4,48.0,52.0,0.9869127800580498,1.0238289631078292
75,E05000100,Brent,17.2,249950.0,25800.0,76.2,82.3,16.2,2.0,31.3,116.0,76.5,9.0,100.0,0.0,0.977411814666396,0.9549053487003254
76,E05000101,Brent,28.4,249950.0,33530.0,78.7,84.1,34.6,1.1,32.4,51.5,77.3,11.1,65.0,35.0,0.9987889867976173,0.9862342643400999
77,E05000102,Brent,26.6,322500.0,33130.0,78.1,84.2,19.8,1.2,30.2,82.8,76.3,9.7,53.0,47.0,0.9999766074715741,0.9787153245865539
78,E05000103,Brent,22.9,292475.0,31620.0,80.1,85.6,34.0,1.2,32.0,62.9,61.3,12.1,100.0,0.0,1.0166032969069683,1.0037784570983734
79,E05000104,Brent,32.9,250000.0,31040.0,81.8,85.1,20.1,1.2,30.4,118.3,86.0,10.6,93.0,7.0,1.0106651935371846,1.0250821197334201
80,E05000105,Brent,25.9,409500.0,31390.0,77.8,83.0,36.8,3.1,30.7,94.9,52.7,8.2,66.0,34.0,0.9857251593840932,0.974955854709781
81,E05000106,Bromley,2.7,480000.0,47190.0,80.0,83.2,21.5,1.3,33.2,36.5,14.5,20.4,40.0,60.0,0.9881004007320067,1.0025253004727825
82,E05000107,Bromley,0.5,269950.0,40930.0,82.8,86.3,72.7,0.5,32.8,44.8,4.1,19.6,100.0,0.0,1.0249166416246656,1.03761368598933
83,E05000108,Bromley,1.9,350000.0,40510.0,81.3,85.1,58.6,1.5,31.2,53.0,12.8,17.1,89.0,11.0,1.0106651935371846,1.0188163366054652
84,E05000109,Bromley,4.9,327000.0,43460.0,79.3,83.7,17.6,1.7,32.7,139.0,18.5,13.5,14.0,86.0,0.9940385041017904,0.9937532040936456
85,E05000110,Bromley,1.3,400000.0,44850.0,84.3,86.5,68.4,1.0,38.9,40.3,9.7,20.3,83.0,17.0,1.027291882972579,1.0564110353731946
86,E05000111,Bromley,1.9,395000.0,46250.0,81.0,83.1,59.1,1.2,32.3,55.2,12.0,21.4,99.0,1.0,0.9869127800580498,1.0150568667286923
87,E05000112,Bromley,3.9,308750.0,41650.0,79.8,85.2,16.2,2.1,34.7,46.0,20.6,12.4,76.0,24.0,1.0118528142111416,1.0000189872216005
88,E05000113,Bromley,4.6,315000.0,43170.0,79.7,84.1,16.7,1.7,32.3,70.5,17.4,16.6,90.0,10.0,0.9987889867976173,0.9987658305960097
89,E05000114,Bromley,2.5,242000.0,32230.0,79.2,83.4,76.2,1.1,23.0,102.2,14.6,17.1,100.0,0.0,0.9904756420799202,0.9925000474680548
90,E05000115,Bromley,2.5,250000.0,31740.0,78.0,84.8,23.4,1.1,23.1,71.5,13.9,15.2,100.0,0.0,1.0071023315153145,0.977462167960963
91,E05000116,Bromley,8.3,250000.0,34060.0,77.2,81.4,49.2,3.2,28.8,90.0,38.1,8.2,86.0,14.0,0.9667232286007854,0.9674369149562352
92,E05000117,Bromley,0.4,445000.0,42810.0,82.2,83.3,88.5,0.9,33.6,43.9,4.8,24.2,100.0,0.0,0.9892880214059634,1.0300947462357841
93,E05000118,Bromley,1.4,395000.0,44590.0,82.6,88.0,48.9,1.1,36.9,43.0,9.5,24.2,100.0,0.0,1.04510619308193,1.035107372738148
94,E05000119,Bromley,1.0,441250.0,45660.0,81.4,86.6,68.9,1.6,37.5,35.0,8.3,19.5,75.0,25.0,1.0284795036465357,1.0200694932310563
95,E05000120,Bromley,2.5,421599.0,44700.0,82.8,87.7,42.7,1.8,34.7,59.9,16.0,18.4,79.0,21.0,1.04154333106006,1.03761368598933
96,E05000121,Bromley,3.6,250000.0,32330.0,78.3,82.2,44.0,1.1,26.7,93.0,18.4,14.4,100.0,0.0,0.9762241939924393,0.9812216378377359
97,E05000122,Bromley,2.3,340000.0,38090.0,82.6,85.5,24.6,1.0,35.8,89.6,12.6,22.0,83.0,17.0,1.0154156762330118,1.035107372738148
98,E05000123,Bromley,6.4,320000.0,36090.0,79.7,84.8,24.9,2.5,32.8,89.9,34.6,10.5,76.0,24.0,1.0071023315153145,0.9987658305960097
99,E05000124,Bromley,1.8,485000.0,48530.0,83.7,88.1,24.3,0.9,42.0,43.0,9.2,22.7,97.0,3.0,1.0462938137558868,1.0488920956196488
100,E05000125,Bromley,3.9,295444.0,39460.0,77.5,82.1,40.3,1.9,31.3,48.6,19.3,15.3,82.0,18.0,0.9750365733184825,0.9711963848330081
101,E05000126,Bromley,3.6,468000.0,48020.0,86.1,88.1,3.0,1.4,39.4,33.8,15.6,21.6,78.0,22.0,1.0462938137558868,1.0789678546338322
102,E05000127,Bromley,1.3,475000.0,46210.0,82.4,86.2,31.8,1.2,37.8,33.9,10.6,21.0,67.0,33.0,1.0237290209507088,1.0326010594869661
103,E05000128,Camden,14.0,850000.0,52680.0,84.2,88.2,1.3,4.9,36.2,60.9,27.8,13.0,96.0,4.0,1.0474814344298438,1.0551578787476037
104,E05000129,Camden,19.5,560000.0,40340.0,81.8,86.2,9.2,5.0,33.2,314.1,40.4,9.6,24.0,76.0,1.0237290209507088,1.0250821197334201
105,E05000130,Camden,12.1,813500.0,45840.0,82.7,86.5,15.2,8.6,41.6,297.0,26.4,12.5,92.0,8.0,1.027291882972579,1.036360529363739
106,E05000131,Camden,12.6,560000.0,39060.0,78.2,85.3,7.4,11.1,37.3,82.5,31.9,9.5,69.0,31.0,1.013040434885098,0.979968481212145
107,E05000132,Camden,16.1,575000.0,46800.0,82.7,87.8,18.4,4.9,37.8,54.2,29.0,10.6,63.0,37.0,1.0427309517340166,1.036360529363739
108,E05000133,Camden,14.6,955000.0,60310.0,84.8,88.0,5.7,3.6,34.4,56.7,25.8,14.3,83.0,17.0,1.04510619308193,1.0626768185011495
109,E05000134,Camden,10.4,599999.0,39990.0,80.2,86.1,15.9,8.7,40.3,65.8,30.1,12.6,100.0,0.0,1.022541400276752,1.0050316137239645
110,E05000135,Camden,10.4,1190000.0,62840.0,84.0,90.7,53.9,4.3,40.8,82.9,20.0,16.5,100.0,0.0,1.077171951278762,1.0526515654964217
111,E05000136,Camden,10.7,547305.0,35730.0,78.1,85.5,8.2,7.5,38.3,87.6,37.1,11.4,95.0,5.0,1.0154156762330118,0.9787153245865539
112,E05000137,Camden,5.5,650000.0,47840.0,83.3,86.6,65.2,11.7,46.0,81.0,20.2,16.3,100.0,0.0,1.0284795036465357,1.0438794691172848
113,E05000138,Camden,16.3,685000.0,40180.0,79.4,90.2,7.5,5.2,37.2,311.0,39.8,10.3,2.0,98.0,1.0712338479089785,0.9950063607192368
114,E05000139,Camden,10.4,630100.0,41230.0,76.7,80.4,5.3,10.8,40.2,89.0,28.4,9.6,79.0,21.0,0.9548470218612181,0.9611711318282803
115,E05000140,Camden,18.7,468000.0,34730.0,76.8,80.3,13.4,4.4,34.6,110.7,40.1,11.6,40.0,60.0,0.9536594011872612,0.9624242884538712
116,E05000141,Camden,22.4,625000.0,32890.0,80.1,88.0,13.5,7.0,32.8,122.4,49.2,7.5,24.0,76.0,1.04510619308193,1.0037784570983734
117,E05000142,Camden,15.6,600000.0,34260.0,77.1,84.7,27.0,6.2,34.9,131.3,44.3,9.2,100.0,0.0,1.0059147108413578,0.9661837583306441
118,E05000143,Camden,17.9,465000.0,30500.0,77.4,81.7,13.6,5.5,35.8,93.5,49.0,8.3,100.0,0.0,0.9702860906226556,0.9699432282074172
119,E05000144,Camden,17.8,740500.0,50340.0,81.4,87.5,14.5,4.0,33.2,70.0,32.4,11.8,36.0,64.0,1.0391680897121465,1.0200694932310563
120,E05000145,Camden,13.9,622500.0,46290.0,80.7,85.9,9.4,4.5,36.7,77.6,30.5,9.2,67.0,33.0,1.0201661589288387,1.0112973968519194
121,E05000146,Croydon,10.2,250000.0,38070.0,79.2,81.9,2.3,1.4,32.3,61.0,43.6,9.8,95.0,5.0,0.9726613319705691,0.9925000474680548
122,E05000147,Croydon,4.8,347000.0,38600.0,81.0,84.1,22.2,1.1,36.6,58.1,36.7,14.6,88.0,12.0,0.9987889867976173,1.0150568667286923
123,E05000148,Croydon,12.9,246250.0,33530.0,82.0,83.9,7.8,1.3,31.7,64.4,73.5,10.3,8.0,92.0,0.996413745449704,1.0275884329846021
124,E05000149,Croydon,16.9,231000.0,31000.0,77.8,82.5,4.6,1.3,30.5,151.3,68.6,7.5,17.0,83.0,0.9797870560143095,0.974955854709781
125,E05000150,Croydon,1.5,375000.0,42660.0,81.8,88.1,56.8,0.9,39.4,34.9,15.4,21.7,100.0,0.0,1.0462938137558868,1.0250821197334201
126,E05000151,Croydon,2.4,361000.0,46610.0,79.9,83.4,17.1,0.9,34.5,46.7,25.2,16.4,48.0,52.0,0.9904756420799202,1.0012721438471917
127,E05000152,Croydon,6.5,250000.0,42260.0,80.1,82.6,19.1,1.3,36.3,57.3,31.3,12.6,58.0,42.0,0.9809746766882662,1.0037784570983734
128,E05000153,Croydon,13.7,236000.0,39130.0,79.9,82.0,17.5,0.9,29.8,215.9,48.7,10.3,32.0,68.0,0.9738489526445259,1.0012721438471917
129,E05000154,Croydon,4.1,220000.0,26720.0,77.7,82.1,22.9,0.3,23.7,61.8,34.4,10.2,100.0,0.0,0.9750365733184825,0.9737026980841901
130,E05000155,Croydon,2.8,260000.0,39770.0,82.5,84.8,61.3,0.6,38.2,70.7,24.6,18.2,100.0,0.0,1.0071023315153145,1.033854216112557
131,E05000156,Croydon,3.0,340000.0,44160.0,80.4,82.8,39.6,1.2,35.3,35.9,23.2,15.8,91.0,9.0,0.9833499180361797,1.0075379269751465
132,E05000157,Croydon,3.0,245000.0,28770.0,77.1,80.2,31.2,0.3,24.1,70.0,23.7,13.1,100.0,0.0,0.9524717805133045,0.9661837583306441
133,E05000158,Croydon,13.0,350000.0,36810.0,78.8,84.3,15.8,1.8,33.8,54.2,62.3,13.5,26.0,74.0,1.0011642281455309,0.9874874209656908
134,E05000159,Croydon,5.0,320000.0,44600.0,81.8,84.4,3.8,1.1,35.8,78.1,31.6,15.7,80.0,20.0,1.0023518488194876,1.0250821197334201
135,E05000160,Croydon,1.7,392500.0,47030.0,83.6,86.0,48.6,0.9,42.1,29.6,19.5,20.9,100.0,0.0,1.0213537796027954,1.0476389389940577
136,E05000161,Croydon,11.5,212997.5,31220.0,74.1,80.0,18.3,1.4,27.7,95.9,65.6,9.2,53.0,47.0,0.950096539165391,0.9285890595629148
137,E05000162,Croydon,2.2,344000.0,45320.0,84.5,88.1,55.2,0.7,41.3,35.5,19.7,22.4,100.0,0.0,1.0462938137558868,1.0589173486243766
138,E05000163,Croydon,3.9,320000.0,39500.0,81.1,87.3,16.0,1.1,39.9,44.1,30.9,18.4,69.0,31.0,1.036792848364233,1.0163100233542832
139,E05000164,Croydon,8.2,240000.0,34430.0,78.6,82.6,17.5,2.0,33.9,80.0,52.3,10.3,95.0,5.0,0.9809746766882662,0.9849811077145088
140,E05000165,Croydon,9.4,250000.0,33720.0,78.1,82.6,11.2,1.3,31.6,82.0,67.1,9.5,61.0,39.0,0.9809746766882662,0.9787153245865539
141,E05000166,Croydon,9.0,289750.0,37430.0,79.0,81.7,19.4,2.7,33.9,70.8,51.3,11.8,94.0,6.0,0.9702860906226556,0.9899937342168728
142,E05000167,Croydon,8.9,243250.0,34630.0,75.9,80.2,32.7,1.4,28.5,74.3,44.6,10.5,41.0,59.0,0.9524717805133045,0.9511458788235525
143,E05000168,Croydon,15.1,235000.0,32400.0,78.6,83.6,18.7,1.4,30.7,90.3,76.5,9.8,32.0,68.0,0.9928508834278336,0.9849811077145088
144,E05000169,Croydon,6.3,250000.0,33890.0,79.9,83.7,33.3,1.5,30.2,65.0,55.1,8.7,100.0,0.0,0.9940385041017904,1.0012721438471917
145,E05000170,Ealing,21.0,570000.0,36500.0,79.3,86.1,24.2,5.8,35.3,77.9,40.0,10.2,0.0,100.0,1.022541400276752,0.9937532040936456
146,E05000171,Ealing,15.1,500000.0,41730.0,79.5,86.3,34.7,3.1,42.0,47.8,36.9,12.7,69.0,31.0,1.0249166416246656,0.9962595173448276
147,E05000172,Ealing,29.1,265000.0,29350.0,78.3,82.9,47.3,1.2,37.9,54.0,82.1,12.3,97.0,3.0,0.9845375387101365,0.9812216378377359
148,E05000173,Ealing,18.6,459970.0,45540.0,78.8,84.1,6.1,3.0,39.9,145.7,30.5,12.0,48.0,52.0,0.9987889867976173,0.9874874209656908
149,E05000174,Ealing,15.4,536000.0,43600.0,78.7,82.8,22.2,4.2,37.7,68.9,31.5,12.0,44.0,56.0,0.9833499180361797,0.9862342643400999
150,E05000175,Ealing,22.4,390500.0,32930.0,79.1,85.6,19.6,4.9,31.1,103.7,50.1,8.5,36.0,64.0,1.0166032969069683,0.9912468908424636
151,E05000176,Ealing,16.9,408750.0,38970.0,78.5,83.5,34.2,4.0,35.8,77.5,34.9,10.5,100.0,0.0,0.991663262753877,0.9837279510889179
152,E05000177,Ealing,22.2,249000.0,30500.0,77.9,82.3,26.2,1.7,32.6,81.2,57.3,11.5,99.0,1.0,0.977411814666396,0.9762090113353721
153,E05000178,Ealing,21.9,307000.0,35420.0,81.5,84.3,22.6,1.5,33.3,74.8,49.0,12.6,95.0,5.0,1.0011642281455309,1.0213226498566472
154,E05000179,Ealing,23.8,519000.0,44760.0,82.2,87.8,26.7,2.3,36.1,60.4,43.1,14.0,92.0,8.0,1.0427309517340166,1.0300947462357841
155,E05000180,Ealing,17.2,386250.0,36220.0,78.4,84.6,36.1,3.2,40.5,44.2,37.7,12.1,98.0,2.0,1.004727090167401,0.982474794463327
156,E05000181,Ealing,25.2,285000.0,32520.0,78.1,83.9,19.4,1.0,35.5,46.2,83.5,12.2,87.0,13.0,0.996413745449704,0.9787153245865539
157,E05000182,Ealing,11.1,615000.0,48480.0,81.8,86.1,25.6,4.6,45.1,44.5,23.2,11.7,95.0,5.0,1.022541400276752,1.0250821197334201
158,E05000183,Ealing,22.1,345000.0,36480.0,81.4,87.1,53.3,1.2,33.9,51.8,56.4,12.9,94.0,6.0,1.0344176070163194,1.0200694932310563
159,E05000184,Ealing,19.5,300000.0,31950.0,81.6,84.0,34.5,1.0,33.6,63.3,51.7,12.1,70.0,30.0,0.9976013661236606,1.0225758064822381
160,E05000185,Ealing,18.6,226111.0,28550.0,78.0,83.0,56.3,1.1,31.6,67.5,55.1,10.2,87.0,13.0,0.9857251593840932,0.977462167960963
161,E05000186,Ealing,25.6,257500.0,29020.0,77.9,81.3,54.5,1.7,35.6,91.1,78.0,11.4,100.0,0.0,0.9655356079268286,0.9762090113353721
162,E05000187,Ealing,26.7,367500.0,36040.0,82.9,84.9,38.3,2.5,34.3,73.3,54.6,12.5,98.0,2.0,1.0082899521892714,1.038866842614921
163,E05000188,Ealing,23.4,440000.0,34300.0,77.8,80.4,17.5,4.3,35.5,88.7,43.5,10.8,29.0,71.0,0.9548470218612181,0.974955854709781
164,E05000189,Ealing,36.0,250000.0,27930.0,78.8,83.4,14.1,1.0,41.0,107.9,93.7,10.0,87.0,13.0,0.9904756420799202,0.9874874209656908
165,E05000190,Ealing,36.7,243000.0,27150.0,76.5,84.1,16.3,1.3,35.9,83.9,91.4,8.9,95.0,5.0,0.9987889867976173,0.9586648185770983
166,E05000191,Ealing,10.7,780000.0,50170.0,80.3,85.7,14.3,6.2,42.4,64.5,20.8,11.5,54.0,46.0,1.0177909175809252,1.0062847703495554
167,E05000192,Ealing,14.1,612500.0,46240.0,79.9,83.8,20.1,5.1,43.8,73.8,27.1,11.5,47.0,53.0,0.9952261247757471,1.0012721438471917
168,E05000193,Enfield,23.3,319995.0,36300.0,83.0,85.1,15.3,2.1,31.9,50.8,38.6,11.3,97.0,3.0,1.0106651935371846,1.040119999240512
169,E05000194,Enfield,7.7,360200.0,41800.0,81.7,84.1,29.6,1.6,36.7,53.9,26.8,18.4,54.0,46.0,0.9987889867976173,1.0238289631078292
170,E05000195,Enfield,7.0,324000.0,36350.0,77.3,81.4,81.5,1.9,35.8,55.8,23.4,13.9,100.0,0.0,0.9667232286007854,0.9686900715818261
171,E05000196,Enfield,9.5,472000.0,43570.0,82.9,86.1,68.8,0.7,33.7,46.4,26.3,19.4,73.0,27.0,1.022541400276752,1.038866842614921
172,E05000197,Enfield,21.4,210000.0,26010.0,79.3,84.3,33.2,1.2,34.1,117.7,60.6,8.8,0.0,100.0,1.0011642281455309,0.9937532040936456
173,E05000198,Enfield,14.5,250000.0,29450.0,81.0,84.9,40.6,1.7,30.0,82.4,42.2,10.9,17.0,83.0,1.0082899521892714,1.0150568667286923
174,E05000199,Enfield,14.0,217250.0,30240.0,76.7,81.6,39.6,1.7,29.6,69.2,45.1,8.3,56.0,44.0,0.9690984699486987,0.9611711318282803
175,E05000200,Enfield,6.4,360000.0,45960.0,83.5,86.6,27.4,1.2,40.8,59.4,19.6,19.6,100.0,0.0,1.0284795036465357,1.0463857823684668
176,E05000201,Enfield,22.1,260000.0,29600.0,79.0,85.4,27.0,1.1,33.3,61.1,54.3,10.2,0.0,100.0,1.014228055559055,0.9899937342168728
177,E05000202,Enfield,5.4,375000.0,43540.0,82.5,87.2,56.4,1.2,38.4,40.4,20.8,19.3,67.0,33.0,1.0356052276902763,1.033854216112557
178,E05000203,Enfield,16.9,250000.0,30800.0,78.8,82.4,60.6,1.0,31.1,58.8,50.9,11.9,0.0,100.0,0.9785994353403529,0.9874874209656908
179,E05000204,Enfield,19.5,248000.0,28110.0,79.6,82.5,40.6,1.2,33.0,56.2,58.9,10.2,1.0,99.0,0.9797870560143095,0.9975126739704185
180,E05000205,Enfield,18.1,353500.0,37970.0,80.9,85.7,15.4,1.5,33.9,70.3,35.4,14.2,94.0,6.0,1.0177909175809252,1.0138037101031014
181,E05000206,Enfield,19.0,248000.0,28560.0,76.7,84.4,44.5,1.4,29.7,80.6,54.6,9.1,28.0,72.0,1.0023518488194876,0.9611711318282803
182,E05000207,Enfield,12.0,265000.0,33260.0,79.8,85.7,29.3,2.0,34.0,98.8,36.2,10.2,12.0,88.0,1.0177909175809252,1.0000189872216005
183,E05000208,Enfield,11.7,347500.0,41520.0,80.9,84.1,27.1,0.8,34.0,62.6,31.6,13.9,79.0,21.0,0.9987889867976173,1.0138037101031014
184,E05000209,Enfield,14.0,500000.0,42750.0,81.2,84.7,20.6,1.5,35.8,43.2,33.2,15.7,100.0,0.0,1.0059147108413578,1.0175631799798743
185,E05000210,Enfield,4.4,350000.0,42300.0,82.1,85.4,16.0,1.6,39.5,50.3,18.0,15.9,77.0,23.0,1.014228055559055,1.028841589610193
186,E05000211,Enfield,14.1,250000.0,28960.0,78.1,82.3,30.5,1.6,29.4,74.5,37.9,11.8,53.0,47.0,0.977411814666396,0.9787153245865539
187,E05000212,Enfield,22.7,250000.0,28480.0,76.1,78.6,17.6,1.3,32.7,120.2,58.0,9.3,27.0,73.0,0.9334698497299966,0.9536521920747343
188,E05000213,Enfield,8.1,435000.0,45880.0,81.4,82.9,25.2,1.4,38.5,43.7,23.8,15.4,100.0,0.0,0.9845375387101365,1.0200694932310563
189,E05000214,Greenwich,7.6,250000.0,31540.0,76.0,82.3,44.0,1.0,29.0,77.6,46.3,10.2,100.0,0.0,0.977411814666396,0.9523990354491434
190,E05000215,Greenwich,5.2,427500.0,49160.0,80.7,82.5,15.4,4.8,43.8,76.6,16.9,15.1,100.0,0.0,0.9797870560143095,1.0112973968519194
191,E05000216,Greenwich,9.4,363000.0,37940.0,76.3,80.0,31.5,3.1,37.0,60.7,36.2,11.2,67.0,33.0,0.950096539165391,0.9561585053259163
192,E05000217,Greenwich,3.6,325000.0,38390.0,78.4,84.0,20.0,1.2,33.8,58.1,18.3,18.1,46.0,54.0,0.9976013661236606,0.982474794463327
193,E05000218,Greenwich,3.4,345000.0,43120.0,81.1,86.6,24.6,2.2,43.4,67.2,11.3,18.5,96.0,4.0,1.0284795036465357,1.0163100233542832
194,E05000219,Greenwich,4.6,288750.0,37120.0,79.8,84.8,54.6,1.6,32.3,75.9,16.8,15.7,99.0,1.0,1.0071023315153145,1.0000189872216005
195,E05000220,Greenwich,6.4,315500.0,34250.0,76.6,81.7,30.5,1.5,27.8,59.9,24.6,11.6,89.0,11.0,0.9702860906226556,0.9599179752026892
196,E05000221,Greenwich,13.8,224995.0,31690.0,75.3,78.8,32.6,1.3,28.1,60.9,55.0,7.6,93.0,7.0,0.9358450910779101,0.9436269390700065
197,E05000222,Greenwich,9.7,450000.0,42270.0,79.4,82.7,49.0,4.2,35.9,104.0,33.3,7.9,100.0,0.0,0.982162297362223,0.9950063607192368
198,E05000223,Greenwich,7.6,260050.0,35740.0,79.7,83.0,28.2,2.8,29.2,70.3,33.6,12.5,74.0,26.0,0.9857251593840932,0.9987658305960097
199,E05000224,Greenwich,5.6,292755.0,35340.0,79.2,83.7,37.0,2.8,34.3,64.4,24.0,15.7,95.0,5.0,0.9940385041017904,0.9925000474680548
200,E05000225,Greenwich,10.4,379000.0,41840.0,78.0,84.5,33.7,4.3,35.2,107.6,30.6,6.2,82.0,18.0,1.0035394694934443,0.977462167960963
201,E05000226,Greenwich,14.6,249000.0,32390.0,78.4,83.1,41.0,0.9,31.1,78.7,55.4,9.3,100.0,0.0,0.9869127800580498,0.982474794463327
202,E05000227,Greenwich,5.2,270000.0,39030.0,80.3,85.0,57.2,2.2,37.4,46.3,33.5,13.8,100.0,0.0,1.009477572863228,1.0062847703495554
203,E05000228,Greenwich,12.1,190000.0,34450.0,76.4,77.8,55.4,1.0,25.7,70.5,57.6,5.1,100.0,0.0,0.9239688843383428,0.9574116619515074
204,E05000229,Greenwich,13.6,267500.0,30260.0,76.7,81.7,39.4,2.5,27.1,103.0,57.6,6.2,80.0,20.0,0.9702860906226556,0.9611711318282803
205,E05000230,Greenwich,13.3,266250.0,33540.0,75.9,80.3,34.9,1.6,28.8,112.8,49.0,6.3,60.0,40.0,0.9536594011872612,0.9511458788235525
206,E05000231,Hackney,18.6,440000.0,40070.0,76.9,85.2,25.6,10.8,35.4,87.3,38.2,5.7,100.0,0.0,1.0118528142111416,0.9636774450794623
207,E05000232,Hackney,16.4,375000.0,38130.0,83.6,86.7,12.8,12.4,33.9,49.7,43.3,6.3,100.0,0.0,1.0296671243204927,1.0476389389940577
208,E05000233,Hackney,14.4,415000.0,32510.0,78.0,82.7,20.4,14.8,31.8,115.3,54.4,6.9,73.0,27.0,0.982162297362223,0.977462167960963
209,E05000234,Hackney,10.6,499950.0,45450.0,79.0,82.6,12.3,18.9,38.4,75.4,34.7,7.4,98.0,2.0,0.9809746766882662,0.9899937342168728
210,E05000235,Hackney,14.0,485000.0,38230.0,78.9,82.1,17.1,18.3,31.6,158.6,44.5,6.3,0.0,100.0,0.9750365733184825,0.9887405775912819
211,E05000236,Hackney,11.7,480000.0,39060.0,76.6,80.6,14.2,14.1,33.0,147.9,39.9,7.1,33.0,67.0,0.9572222632091314,0.9599179752026892
212,E05000237,Hackney,12.8,450000.0,35260.0,77.3,82.5,14.1,16.9,38.2,114.6,52.7,7.7,8.0,92.0,0.9797870560143095,0.9686900715818261
213,E05000238,Hackney,15.5,433000.0,35700.0,77.6,83.2,33.8,17.7,35.6,80.0,51.7,7.5,98.0,2.0,0.9881004007320067,0.972449541458599
214,E05000239,Hackney,17.4,452500.0,36080.0,78.0,82.2,19.1,11.9,28.1,162.3,45.6,5.8,73.0,27.0,0.9762241939924393,0.977462167960963
215,E05000240,Hackney,16.6,475000.0,34970.0,78.1,82.9,27.6,10.4,27.1,127.2,46.5,6.2,2.0,98.0,0.9845375387101365,0.9787153245865539
216,E05000241,Hackney,13.4,383000.0,31970.0,78.8,85.4,66.9,13.4,36.0,68.0,62.0,9.5,100.0,0.0,1.014228055559055,0.9874874209656908
217,E05000242,Hackney,17.3,375000.0,35110.0,75.2,79.5,23.0,15.9,34.5,79.9,52.7,7.3,100.0,0.0,0.9441584357956073,0.9423737824444156
218,E05000243,Hackney,13.1,420000.0,39940.0,78.3,84.1,33.6,13.6,38.0,66.5,30.5,8.2,100.0,0.0,0.9987889867976173,0.9812216378377359
219,E05000244,Hackney,19.4,340000.0,35590.0,79.4,86.0,28.0,6.6,31.5,63.1,39.3,7.5,100.0,0.0,1.0213537796027954,0.9950063607192368
220,E05000245,Hackney,11.8,465000.0,36720.0,78.2,83.8,15.6,19.1,35.0,116.8,44.7,8.1,54.0,46.0,0.9952261247757471,0.979968481212145
221,E05000246,Hackney,18.2,285000.0,33570.0,77.6,84.1,26.5,6.9,30.9,73.7,44.9,7.5,100.0,0.0,0.9987889867976173,0.972449541458599
222,E05000247,Hackney,13.0,483125.0,42400.0,80.0,84.2,13.3,18.8,40.1,93.3,39.9,7.8,69.0,31.0,0.9999766074715741,1.0025253004727825
223,E05000248,Hackney,10.4,471250.0,37350.0,76.7,82.2,21.0,15.8,32.6,93.0,44.2,7.5,100.0,0.0,0.9762241939924393,0.9611711318282803
224,E05000249,Hackney,10.9,340000.0,32890.0,74.9,80.8,48.8,14.6,29.8,99.8,51.6,7.7,100.0,0.0,0.959597504557045,0.9386143125676427
225,E05000250,Hammersmith and Fulham,15.8,572500.0,43970.0,79.5,85.1,0.3,7.5,39.5,107.4,27.9,7.9,19.0,81.0,1.0106651935371846,0.9962595173448276
226,E05000251,Hammersmith and Fulham,14.8,499999.5,38450.0,80.1,84.0,3.6,8.9,39.5,75.4,37.0,8.4,89.0,11.0,0.9976013661236606,1.0037784570983734
227,E05000252,Hammersmith and Fulham,20.4,618250.0,43350.0,79.4,84.7,8.8,6.3,37.5,70.5,35.5,11.0,8.0,92.0,1.0059147108413578,0.9950063607192368
228,E05000253,Hammersmith and Fulham,19.5,458000.0,30890.0,74.6,83.5,43.8,4.7,34.8,115.7,50.0,8.2,100.0,0.0,0.991663262753877,0.9348548426908696
229,E05000254,Hammersmith and Fulham,15.6,805000.0,42130.0,77.9,80.7,3.1,7.8,36.7,95.2,29.9,10.0,62.0,38.0,0.9584098838830882,0.9762090113353721
230,E05000255,Hammersmith and Fulham,14.0,786250.0,42010.0,79.6,82.3,20.9,8.0,38.5,98.6,30.5,8.5,15.0,85.0,0.977411814666396,0.9975126739704185
231,E05000256,Hammersmith and Fulham,13.4,741250.0,39500.0,77.2,80.6,9.1,7.3,38.4,224.9,33.9,10.4,95.0,5.0,0.9572222632091314,0.9674369149562352
232,E05000257,Hammersmith and Fulham,10.7,745000.0,50240.0,79.8,85.5,8.5,8.7,37.2,64.5,19.3,8.9,89.0,11.0,1.0154156762330118,1.0000189872216005
233,E05000258,Hammersmith and Fulham,19.4,558000.0,39510.0,79.2,81.7,10.7,6.2,38.9,64.6,34.2,6.7,26.0,74.0,0.9702860906226556,0.9925000474680548
234,E05000259,Hammersmith and Fulham,8.2,950000.0,53330.0,84.4,84.8,54.7,9.8,48.0,90.8,15.0,15.3,100.0,0.0,1.0071023315153145,1.0576641919987857
235,E05000260,Hammersmith and Fulham,10.8,1330000.0,55720.0,80.6,85.5,9.8,6.5,40.3,124.8,17.8,11.2,56.0,44.0,1.0154156762330118,1.0100442402263283
236,E05000261,Hammersmith and Fulham,11.6,704000.0,45510.0,77.4,81.9,16.3,8.4,46.5,101.1,26.7,12.2,100.0,0.0,0.9726613319705691,0.9699432282074172
237,E05000262,Hammersmith and Fulham,11.8,827750.0,44170.0,80.1,84.5,25.0,7.7,34.8,69.6,30.6,8.6,6.0,94.0,1.0035394694934443,1.0037784570983734
238,E05000263,Hammersmith and Fulham,16.4,440000.0,36430.0,76.7,83.0,9.7,7.9,36.6,281.4,40.1,8.0,95.0,5.0,0.9857251593840932,0.9611711318282803
239,E05000264,Hammersmith and Fulham,11.9,690000.0,47940.0,82.5,85.9,0.0,6.9,37.6,100.7,22.7,7.8,77.0,23.0,1.0201661589288387,1.033854216112557
240,E05000265,Hammersmith and Fulham,14.3,427500.0,31860.0,79.1,86.0,4.6,6.3,38.9,71.9,50.6,9.4,89.0,11.0,1.0213537796027954,0.9912468908424636
241,E05000266,Haringey,8.5,625000.0,51450.0,81.3,85.5,52.2,4.6,46.5,63.6,20.5,11.3,100.0,0.0,1.0154156762330118,1.0188163366054652
242,E05000267,Haringey,21.5,332350.0,34550.0,79.1,83.2,22.8,2.6,33.4,82.0,39.8,9.4,100.0,0.0,0.9881004007320067,0.9912468908424636
243,E05000268,Haringey,23.5,325000.0,30340.0,78.1,84.2,4.9,4.5,32.6,85.2,55.9,8.3,52.0,48.0,0.9999766074715741,0.9787153245865539
244,E05000269,Haringey,7.6,563750.0,52070.0,83.3,85.8,13.9,7.6,42.1,67.3,18.0,10.2,100.0,0.0,1.018978538254882,1.0438794691172848
245,E05000270,Haringey,8.3,465000.0,49950.0,81.2,83.7,24.0,5.1,41.8,57.9,20.1,11.5,100.0,0.0,0.9940385041017904,1.0175631799798743
246,E05000271,Haringey,24.3,430000.0,37150.0,79.3,85.5,45.4,6.8,34.5,89.5,34.5,7.6,100.0,0.0,1.0154156762330118,0.9937532040936456
247,E05000272,Haringey,8.2,732500.0,53710.0,82.9,87.1,41.8,5.9,41.8,56.6,18.9,11.9,100.0,0.0,1.0344176070163194,1.038866842614921
248,E05000273,Haringey,10.5,419000.0,40260.0,80.6,84.5,10.0,6.9,38.2,67.2,31.0,9.1,99.0,1.0,1.0035394694934443,1.0100442402263283
249,E05000274,Haringey,7.0,820000.0,53910.0,82.4,87.1,30.7,6.6,46.9,71.7,16.2,13.5,100.0,0.0,1.0344176070163194,1.0326010594869661
250,E05000275,Haringey,25.4,350000.0,30620.0,77.6,84.6,11.5,3.2,29.5,200.7,45.2,8.2,41.0,59.0,1.004727090167401,0.972449541458599
251,E05000276,Haringey,25.5,252500.0,25090.0,76.3,84.5,23.0,2.2,31.2,130.5,60.9,7.8,93.0,7.0,1.0035394694934443,0.9561585053259163
252,E05000277,Haringey,25.9,370000.0,32460.0,78.1,84.2,20.0,6.0,31.7,71.0,45.7,8.0,58.0,42.0,0.9999766074715741,0.9787153245865539
253,E05000278,Haringey,22.5,372500.0,33500.0,79.9,84.1,21.8,5.3,35.5,80.0,41.2,7.6,100.0,0.0,0.9987889867976173,1.0012721438471917
254,E05000279,Haringey,9.0,477500.0,44780.0,80.8,81.7,24.7,9.0,42.8,54.0,25.9,7.8,98.0,2.0,0.9702860906226556,1.0125505534775103
255,E05000280,Haringey,25.8,326500.0,28920.0,76.0,81.5,10.5,4.1,30.9,134.5,52.8,8.1,51.0,49.0,0.9679108492747421,0.9523990354491434
256,E05000281,Haringey,22.3,251500.0,27340.0,78.1,84.0,29.0,2.3,31.0,103.7,57.4,7.6,99.0,1.0,0.9976013661236606,0.9787153245865539
257,E05000282,Haringey,25.9,350000.0,31110.0,80.1,85.1,38.2,4.2,34.7,80.4,47.8,9.8,38.0,62.0,1.0106651935371846,1.0037784570983734
258,E05000283,Haringey,19.2,267000.0,27010.0,76.9,82.9,27.9,2.2,28.2,82.1,52.5,8.2,87.0,13.0,0.9845375387101365,0.9636774450794623
259,E05000284,Haringey,25.6,345000.0,32010.0,79.3,83.7,26.8,2.2,31.3,84.2,43.2,8.8,46.0,54.0,0.9940385041017904,0.9937532040936456
260,E05000285,Harrow,13.2,435000.0,42380.0,83.8,86.7,11.0,0.5,38.1,35.3,58.7,14.8,99.0,1.0,1.0296671243204927,1.0501452522452397
261,E05000286,Harrow,12.5,402500.0,39890.0,82.3,85.1,57.3,0.5,34.0,42.1,48.4,18.8,96.0,4.0,1.0106651935371846,1.031347902861375
262,E05000287,Harrow,24.8,357500.0,33600.0,82.0,86.7,14.9,0.4,32.3,52.6,65.3,12.4,55.0,45.0,1.0296671243204927,1.0275884329846021
263,E05000288,Harrow,20.7,272000.0,37550.0,78.6,84.7,7.7,0.9,30.1,129.9,58.5,10.4,64.0,36.0,1.0059147108413578,0.9849811077145088
264,E05000289,Harrow,15.1,343000.0,39630.0,81.5,85.3,43.4,1.0,33.7,57.3,52.6,12.5,81.0,19.0,1.013040434885098,1.0213226498566472
265,E05000290,Harrow,10.5,384000.0,36940.0,79.6,85.6,56.3,0.6,33.6,47.0,48.3,17.8,74.0,26.0,1.0166032969069683,0.9975126739704185
266,E05000291,Harrow,9.1,500000.0,42350.0,83.5,85.3,31.0,0.6,40.4,41.5,43.3,20.3,95.0,5.0,1.013040434885098,1.0463857823684668
267,E05000292,Harrow,9.1,427500.0,44470.0,83.4,89.5,49.5,1.0,38.5,40.9,52.6,18.0,85.0,15.0,1.0629205031912812,1.045132625742876
268,E05000293,Harrow,15.9,322500.0,39090.0,82.4,85.1,14.4,1.4,37.7,39.7,56.5,12.9,22.0,78.0,1.0106651935371846,1.0326010594869661
269,E05000294,Harrow,24.7,380000.0,32880.0,81.2,87.2,7.2,0.2,35.7,33.5,73.4,13.5,48.0,52.0,1.0356052276902763,1.0175631799798743
270,E05000295,Harrow,20.4,434475.0,38400.0,83.4,84.6,17.9,0.5,36.0,40.0,72.6,15.6,45.0,55.0,1.004727090167401,1.045132625742876
271,E05000296,Harrow,20.2,268950.0,34450.0,81.8,84.6,8.3,1.4,32.4,60.9,62.9,10.7,4.0,96.0,1.004727090167401,1.0250821197334201
272,E05000297,Harrow,7.5,400000.0,43950.0,82.5,87.6,28.6,0.9,39.8,44.7,38.0,21.1,100.0,0.0,1.0403557103861032,1.033854216112557
273,E05000298,Harrow,6.8,520000.0,49420.0,85.2,91.7,22.2,0.9,43.8,24.5,40.6,18.7,100.0,0.0,1.0890481580183295,1.0676894450035135
274,E05000299,Harrow,26.2,390000.0,35030.0,81.3,84.0,23.3,0.4,33.9,37.4,75.0,12.2,14.0,86.0,0.9976013661236606,1.0188163366054652
275,E05000300,Harrow,17.6,380000.0,40310.0,83.0,86.0,10.7,0.7,38.2,33.5,65.5,15.1,75.0,25.0,1.0213537796027954,1.040119999240512
276,E05000301,Harrow,20.9,290000.0,32130.0,79.7,87.0,15.3,0.7,34.5,53.1,66.3,10.3,19.0,81.0,1.0332299863423628,0.9987658305960097
277,E05000302,Harrow,19.8,355000.0,35110.0,82.7,83.2,18.4,0.9,36.4,64.1,66.3,11.6,37.0,63.0,0.9881004007320067,1.036360529363739
278,E05000303,Harrow,8.8,555000.0,39210.0,83.4,85.7,45.8,0.9,35.8,53.3,43.3,23.0,100.0,0.0,1.0177909175809252,1.045132625742876
279,E05000304,Harrow,18.3,310000.0,32080.0,79.4,82.4,3.3,1.0,33.2,54.5,62.6,10.9,5.0,95.0,0.9785994353403529,0.9950063607192368
280,E05000305,Harrow,14.4,363500.0,40210.0,83.8,85.1,19.7,1.2,37.0,31.2,55.8,13.9,72.0,28.0,1.0106651935371846,1.0501452522452397
281,E05000306,Havering,4.4,207500.0,35250.0,76.7,81.3,44.9,1.4,27.6,71.9,22.3,13.0,21.0,79.0,0.9655356079268286,0.9611711318282803
282,E05000307,Havering,1.1,320000.0,42250.0,84.0,87.0,55.9,0.7,42.3,32.3,5.6,24.3,68.0,32.0,1.0332299863423628,1.0526515654964217
283,E05000308,Havering,2.1,250000.0,34730.0,78.9,85.3,55.7,1.0,32.8,39.4,13.7,20.0,100.0,0.0,1.013040434885098,0.9887405775912819
284,E05000309,Havering,1.7,365000.0,43790.0,79.1,83.8,31.3,0.6,35.7,36.3,17.7,23.4,9.0,91.0,0.9952261247757471,0.9912468908424636
285,E05000310,Havering,2.6,229000.0,29400.0,76.6,81.3,68.4,0.8,22.1,79.9,12.8,12.3,100.0,0.0,0.9655356079268286,0.9599179752026892
286,E05000311,Havering,1.7,296500.0,39740.0,80.5,84.8,24.2,0.8,37.0,26.1,7.3,21.0,86.0,14.0,1.0071023315153145,1.0087910836007374
287,E05000312,Havering,2.5,250000.0,37010.0,78.9,84.2,60.7,0.8,31.7,67.8,10.1,18.0,82.0,18.0,0.9999766074715741,0.9887405775912819
288,E05000313,Havering,1.5,250000.0,33590.0,76.7,81.6,75.2,0.7,27.7,45.7,12.0,17.3,98.0,2.0,0.9690984699486987,0.9611711318282803
289,E05000314,Havering,2.5,217000.0,29560.0,76.2,81.3,45.3,0.9,23.7,68.2,16.3,16.8,29.0,71.0,0.9655356079268286,0.9549053487003254
290,E05000315,Havering,1.7,275000.0,39890.0,82.5,86.4,26.1,1.0,34.5,55.8,9.7,18.8,52.0,48.0,1.0261042622986225,1.033854216112557
291,E05000316,Havering,2.5,250000.0,35820.0,80.6,87.3,32.1,1.1,30.9,52.2,11.5,19.6,75.0,25.0,1.036792848364233,1.0100442402263283
292,E05000317,Havering,1.7,295000.0,40010.0,80.5,84.7,32.4,0.9,37.1,40.8,8.7,22.8,41.0,59.0,1.0059147108413578,1.0087910836007374
293,E05000318,Havering,2.4,240000.0,34470.0,80.1,84.3,79.0,0.8,26.6,74.1,15.7,18.0,76.0,24.0,1.0011642281455309,1.0037784570983734
294,E05000319,Havering,5.6,225000.0,37160.0,79.5,85.4,8.1,1.0,28.9,167.9,16.4,13.2,29.0,71.0,1.014228055559055,0.9962595173448276
295,E05000320,Havering,1.6,272500.0,38130.0,80.4,83.4,18.7,0.9,34.8,65.2,7.2,21.0,15.0,85.0,0.9904756420799202,1.0075379269751465
296,E05000321,Havering,2.5,242000.0,33160.0,77.4,83.1,45.1,1.2,27.1,56.7,16.4,15.9,97.0,3.0,0.9869127800580498,0.9699432282074172
297,E05000322,Havering,1.3,280250.0,41740.0,80.7,84.7,16.7,0.7,33.5,40.8,11.5,17.5,13.0,87.0,1.0059147108413578,1.0112973968519194
298,E05000323,Havering,0.9,420000.0,47580.0,80.8,84.2,82.0,0.7,42.5,49.7,4.8,23.8,70.0,30.0,0.9999766074715741,1.0125505534775103
299,E05000324,Hillingdon,19.0,250000.0,31800.0,79.4,82.1,27.7,1.2,29.0,81.6,68.4,9.8,100.0,0.0,0.9750365733184825,0.9950063607192368
300,E05000325,Hillingdon,17.9,250000.0,30700.0,76.4,79.8,32.2,1.6,27.9,96.5,60.2,9.4,75.0,25.0,0.9477212978174775,0.9574116619515074
301,E05000326,Hillingdon,9.8,273750.0,34630.0,77.7,82.9,40.5,1.8,22.7,96.8,38.2,10.8,72.0,28.0,0.9845375387101365,0.9737026980841901
302,E05000327,Hillingdon,3.7,400000.0,43970.0,81.2,85.5,17.7,1.2,40.2,33.8,19.7,16.4,100.0,0.0,1.0154156762330118,1.0175631799798743
303,E05000328,Hillingdon,9.7,275000.0,35410.0,80.3,82.5,44.9,1.4,31.5,52.6,43.9,12.4,75.0,25.0,0.9797870560143095,1.0062847703495554
304,E05000329,Hillingdon,3.7,500000.0,47380.0,83.9,88.5,33.4,1.2,45.5,41.9,20.2,21.2,95.0,5.0,1.051044296451714,1.0513984088708308
305,E05000330,Hillingdon,3.1,310000.0,37990.0,77.9,82.3,85.5,1.4,30.4,64.3,12.5,17.1,100.0,0.0,0.977411814666396,0.9762090113353721
306,E05000331,Hillingdon,17.1,209000.0,33170.0,78.9,83.2,29.5,1.4,24.6,272.2,50.0,9.7,42.0,58.0,0.9881004007320067,0.9887405775912819
307,E05000332,Hillingdon,6.4,311000.0,37250.0,78.6,83.2,48.2,1.5,31.3,55.8,34.4,11.8,99.0,1.0,0.9881004007320067,0.9849811077145088
308,E05000333,Hillingdon,2.8,521000.0,48770.0,83.2,86.8,55.7,1.6,46.5,33.2,21.8,20.9,100.0,0.0,1.0308547449944492,1.042626312491694
309,E05000334,Hillingdon,3.6,372500.0,43460.0,82.6,84.1,18.1,1.1,42.0,38.8,16.0,16.0,83.0,17.0,0.9987889867976173,1.035107372738148
310,E05000335,Hillingdon,7.0,470000.0,46550.0,81.8,85.6,61.0,0.8,36.8,46.3,34.8,21.3,91.0,9.0,1.0166032969069683,1.0250821197334201
311,E05000336,Hillingdon,7.1,413500.0,43320.0,81.3,86.0,33.3,1.0,33.8,53.9,33.3,17.9,100.0,0.0,1.0213537796027954,1.0188163366054652
312,E05000337,Hillingdon,18.5,280000.0,31830.0,79.9,85.0,26.9,1.1,28.6,73.6,68.2,8.9,0.0,100.0,1.009477572863228,1.0012721438471917
313,E05000338,Hillingdon,7.7,305000.0,40060.0,79.0,83.9,62.8,2.0,31.6,64.8,27.0,13.0,64.0,36.0,0.996413745449704,0.9899937342168728
314,E05000339,Hillingdon,18.1,280000.0,30430.0,77.3,81.9,30.9,1.4,30.8,131.2,62.9,9.7,97.0,3.0,0.9726613319705691,0.9686900715818261
315,E05000340,Hillingdon,5.9,349950.0,41470.0,81.4,83.9,34.4,1.5,34.5,100.6,30.2,16.1,93.0,7.0,0.996413745449704,1.0200694932310563
316,E05000341,Hillingdon,10.0,259000.0,34270.0,78.9,82.9,25.9,2.1,24.8,103.3,37.9,9.3,100.0,0.0,0.9845375387101365,0.9887405775912819
317,E05000342,Hillingdon,9.2,249997.0,32680.0,77.9,80.2,31.9,1.9,25.2,81.5,33.5,11.4,78.0,22.0,0.9524717805133045,0.9762090113353721
318,E05000343,Hillingdon,3.9,335000.0,43470.0,80.0,83.8,49.5,1.5,37.7,65.4,18.0,17.1,94.0,6.0,0.9952261247757471,1.0025253004727825
319,E05000344,Hillingdon,17.4,250000.0,33240.0,80.4,82.5,33.4,1.6,29.5,76.4,64.1,8.1,100.0,0.0,0.9797870560143095,1.0075379269751465
320,E05000345,Hillingdon,10.0,225000.0,32340.0,78.6,83.9,41.3,2.2,24.4,110.1,33.8,10.0,100.0,0.0,0.996413745449704,0.9849811077145088
321,E05000346,Hounslow,12.5,229000.0,31870.0,77.2,82.0,52.5,3.0,22.5,65.0,35.7,11.6,100.0,0.0,0.9738489526445259,0.9674369149562352
322,E05000347,Hounslow,15.0,370000.0,35040.0,79.7,85.7,42.8,5.0,30.0,80.0,33.9,10.0,85.0,15.0,1.0177909175809252,0.9987658305960097
323,E05000348,Hounslow,9.8,772500.0,51830.0,81.1,84.5,42.2,6.9,41.3,83.5,18.8,12.8,95.0,5.0,1.0035394694934443,1.0163100233542832
324,E05000349,Hounslow,8.9,650000.0,49680.0,82.1,87.7,35.2,7.0,41.3,62.2,19.1,13.8,100.0,0.0,1.04154333106006,1.028841589610193
325,E05000350,Hounslow,26.5,226500.0,30860.0,78.6,84.5,26.4,1.8,25.7,74.4,73.9,10.5,83.0,17.0,1.0035394694934443,0.9849811077145088
326,E05000351,Hounslow,14.1,270000.0,32850.0,75.8,78.6,37.0,2.9,22.3,77.4,38.9,13.6,100.0,0.0,0.9334698497299966,0.9498927221979614
327,E05000352,Hounslow,14.2,225000.0,34010.0,80.6,84.1,41.4,2.9,21.5,69.8,35.5,7.4,100.0,0.0,0.9987889867976173,1.0100442402263283
328,E05000353,Hounslow,11.3,250000.0,31150.0,79.0,85.5,45.6,3.5,22.5,72.9,32.4,11.9,100.0,0.0,1.0154156762330118,0.9899937342168728
329,E05000354,Hounslow,10.9,250000.0,34340.0,79.5,83.0,41.4,2.7,27.2,70.5,30.8,12.4,100.0,0.0,0.9857251593840932,0.9962595173448276
330,E05000355,Hounslow,23.9,348000.0,33580.0,78.2,83.3,15.8,1.5,25.0,53.0,76.6,11.5,17.0,83.0,0.9892880214059634,0.979968481212145
331,E05000356,Hounslow,26.1,248000.0,34030.0,82.4,84.3,27.1,1.1,24.9,63.3,77.4,11.6,66.0,34.0,1.0011642281455309,1.0326010594869661
332,E05000357,Hounslow,23.9,280000.0,29490.0,79.5,83.6,39.1,1.2,29.2,100.3,76.2,10.9,45.0,55.0,0.9928508834278336,0.9962595173448276
333,E05000358,Hounslow,29.5,249950.0,35830.0,79.9,85.8,11.1,1.5,25.2,166.8,70.7,9.6,14.0,86.0,1.018978538254882,1.0012721438471917
334,E05000359,Hounslow,27.7,249950.0,32530.0,79.2,87.7,48.6,2.0,27.6,64.0,72.6,8.3,57.0,43.0,1.04154333106006,0.9925000474680548
335,E05000360,Hounslow,13.2,375000.0,39920.0,82.2,88.6,17.9,3.5,37.4,41.4,45.1,14.0,69.0,31.0,1.0522319171256704,1.0300947462357841
336,E05000361,Hounslow,29.4,270000.0,31890.0,77.7,80.1,10.2,1.5,26.2,92.1,75.9,10.7,51.0,49.0,0.9512841598393477,0.9737026980841901
337,E05000362,Hounslow,11.7,301000.0,34790.0,77.8,84.3,22.6,4.7,32.4,69.5,34.8,10.8,100.0,0.0,1.0011642281455309,0.974955854709781
338,E05000363,Hounslow,15.7,345500.0,42140.0,82.4,83.7,54.3,2.8,32.2,73.2,54.4,12.9,87.0,13.0,0.9940385041017904,1.0326010594869661
339,E05000364,Hounslow,13.5,365000.0,37040.0,77.2,78.9,42.5,4.4,30.6,82.2,34.2,9.9,76.0,24.0,0.937032711751867,0.9674369149562352
340,E05000365,Hounslow,12.8,634000.0,47080.0,81.7,85.6,7.4,5.0,37.8,95.0,23.2,13.2,100.0,0.0,1.0166032969069683,1.0238289631078292
341,E05000366,Islington,10.9,715000.0,44970.0,76.2,81.8,11.0,9.7,37.7,131.4,28.9,9.7,32.0,68.0,0.9714737112966123,0.9549053487003254
342,E05000367,Islington,16.6,640000.0,39200.0,77.9,84.6,13.5,7.3,30.3,179.7,34.5,7.0,0.0,100.0,1.004727090167401,0.9762090113353721
343,E05000368,Islington,14.4,447500.0,35840.0,78.2,82.7,16.4,8.2,33.7,138.8,34.7,8.5,57.0,43.0,0.982162297362223,0.979968481212145
344,E05000369,Islington,9.1,550000.0,40590.0,78.9,86.2,14.4,9.0,35.3,80.2,28.2,9.9,100.0,0.0,1.0237290209507088,0.9887405775912819
345,E05000370,Islington,12.6,732500.0,43350.0,80.3,87.7,9.3,8.4,34.9,154.3,29.3,8.3,0.0,100.0,1.04154333106006,1.0062847703495554
346,E05000371,Islington,17.5,410000.0,33620.0,75.0,81.1,15.9,8.2,37.3,161.3,42.9,8.6,72.0,28.0,0.9631603665789151,0.9398674691932336
347,E05000372,Islington,9.3,667500.0,47810.0,80.8,83.5,21.6,12.9,41.5,98.2,23.5,9.8,97.0,3.0,0.991663262753877,1.0125505534775103
348,E05000373,Islington,12.8,500000.0,43800.0,78.8,82.7,10.6,10.2,39.5,88.5,32.1,6.5,98.0,2.0,0.982162297362223,0.9874874209656908
349,E05000374,Islington,10.4,447500.0,39090.0,78.1,81.9,18.3,8.0,39.6,74.0,33.7,9.4,100.0,0.0,0.9726613319705691,0.9787153245865539
350,E05000375,Islington,14.9,405000.0,35430.0,76.9,83.4,16.9,8.8,37.5,83.3,36.1,7.7,86.0,14.0,0.9904756420799202,0.9636774450794623
351,E05000376,Islington,11.5,452000.0,39470.0,75.5,81.1,16.6,9.4,38.6,115.5,30.6,9.7,74.0,26.0,0.9631603665789151,0.9461332523211885
352,E05000377,Islington,10.6,525000.0,39300.0,78.4,83.8,10.6,13.2,35.8,92.3,34.5,7.7,83.0,17.0,0.9952261247757471,0.982474794463327
353,E05000378,Islington,10.6,495645.0,40860.0,77.7,85.7,8.1,11.4,39.8,76.5,28.1,9.5,28.0,72.0,1.0177909175809252,0.9737026980841901
354,E05000379,Islington,10.0,650000.0,46190.0,79.3,82.3,9.6,8.9,35.5,192.2,25.3,9.5,89.0,11.0,0.977411814666396,0.9937532040936456
355,E05000380,Islington,9.5,667500.0,43870.0,77.6,79.2,10.4,9.7,36.5,127.1,25.6,8.9,68.0,32.0,0.9405955737737371,0.972449541458599
356,E05000381,Islington,12.6,465000.0,38090.0,77.2,85.7,13.3,9.5,40.0,86.4,35.8,8.1,97.0,3.0,1.0177909175809252,0.9674369149562352
357,E05000382,Kensington and Chelsea,26.1,1295000.0,54690.0,86.5,85.5,5.9,4.7,31.7,83.2,32.6,13.3,100.0,0.0,1.0154156762330118,1.0839804811361962
358,E05000383,Kensington and Chelsea,26.8,1950000.0,64320.0,86.4,86.6,10.8,2.9,27.7,185.5,24.4,14.6,97.0,3.0,1.0284795036465357,1.0827273245106053
359,E05000384,Kensington and Chelsea,18.3,1400000.0,65500.0,86.1,89.5,27.8,5.0,33.2,124.7,21.4,13.6,100.0,0.0,1.0629205031912812,1.0789678546338322
360,E05000385,Kensington and Chelsea,15.5,935000.0,43560.0,80.6,85.2,10.5,7.7,31.8,172.2,34.0,12.2,76.0,24.0,1.0118528142111416,1.0100442402263283
361,E05000386,Kensington and Chelsea,28.3,1325000.0,61810.0,91.9,87.7,13.4,3.7,24.9,109.0,24.8,10.7,99.0,1.0,1.04154333106006,1.151650938918109
362,E05000387,Kensington and Chelsea,17.2,1050000.0,43920.0,81.9,86.9,29.3,4.4,35.1,89.5,32.5,17.7,100.0,0.0,1.0320423656684061,1.0263352763590112
363,E05000388,Kensington and Chelsea,29.6,783250.0,44100.0,78.4,85.7,10.0,3.8,27.9,110.4,35.4,9.8,100.0,0.0,1.0177909175809252,0.982474794463327
364,E05000389,Kensington and Chelsea,16.9,533800.0,30100.0,77.4,83.1,34.6,5.9,29.3,130.9,52.1,11.1,100.0,0.0,0.9869127800580498,0.9699432282074172
365,E05000390,Kensington and Chelsea,24.8,1587500.0,58100.0,85.4,87.8,8.5,3.1,27.7,188.3,23.5,16.6,75.0,25.0,1.0427309517340166,1.0701957582546955
366,E05000391,Kensington and Chelsea,20.9,1375000.0,54770.0,86.6,92.9,27.7,4.5,31.8,70.8,32.0,13.6,100.0,0.0,1.1032996061058105,1.085233637761787
367,E05000392,Kensington and Chelsea,14.4,1343000.0,53430.0,83.2,86.3,15.4,5.8,35.9,97.2,25.6,17.2,72.0,28.0,1.0249166416246656,1.042626312491694
368,E05000393,Kensington and Chelsea,14.6,776000.0,36690.0,77.4,85.5,9.3,7.4,35.3,99.3,42.7,13.7,33.0,67.0,1.0154156762330118,0.9699432282074172
369,E05000394,Kensington and Chelsea,20.2,1127500.0,55710.0,83.7,84.6,11.9,4.8,30.6,177.9,22.1,12.3,94.0,6.0,1.004727090167401,1.0488920956196488
370,E05000395,Kensington and Chelsea,24.9,1745000.0,63630.0,86.6,89.8,5.8,4.1,26.6,88.0,28.7,10.4,100.0,0.0,1.0664833652131513,1.085233637761787
371,E05000396,Kensington and Chelsea,21.6,995000.0,54550.0,84.4,88.5,28.1,5.0,28.6,80.1,18.8,12.1,100.0,0.0,1.051044296451714,1.0576641919987857
372,E05000397,Kensington and Chelsea,16.7,1995000.0,60600.0,79.6,88.0,43.1,4.4,36.4,117.9,15.4,21.7,100.0,0.0,1.04510619308193,0.9975126739704185
373,E05000398,Kensington and Chelsea,13.5,642500.0,36100.0,74.8,81.9,21.9,6.8,32.5,114.8,37.6,11.6,99.0,1.0,0.9726613319705691,0.9373611559420516
374,E05000399,Kensington and Chelsea,19.3,1100000.0,54990.0,83.3,84.0,9.1,4.0,33.5,118.7,19.0,16.0,83.0,17.0,0.9976013661236606,1.0438794691172848
375,E05000400,Kingston upon Thames,8.2,404975.0,41390.0,83.4,86.9,43.7,3.9,36.3,34.7,29.8,16.6,100.0,0.0,1.0320423656684061,1.045132625742876
376,E05000401,Kingston upon Thames,6.9,361125.0,42330.0,79.0,83.3,10.9,4.6,38.0,31.6,18.1,15.4,100.0,0.0,0.9892880214059634,0.9899937342168728
377,E05000402,Kingston upon Thames,13.3,435000.0,40700.0,80.8,81.8,26.4,4.4,41.2,64.5,32.6,13.1,60.0,40.0,0.9714737112966123,1.0125505534775103
378,E05000403,Kingston upon Thames,9.5,449500.0,45600.0,81.0,85.8,7.0,6.1,35.2,38.4,21.4,8.5,97.0,3.0,1.018978538254882,1.0150568667286923
379,E05000404,Kingston upon Thames,5.0,310000.0,37230.0,80.4,86.8,27.5,2.5,30.8,43.9,15.0,15.3,38.0,62.0,1.0308547449944492,1.0075379269751465
380,E05000405,Kingston upon Thames,3.9,315000.0,38310.0,83.3,83.9,75.7,2.3,30.4,47.5,13.0,14.4,96.0,4.0,0.996413745449704,1.0438794691172848
381,E05000406,Kingston upon Thames,13.9,480000.0,45650.0,83.2,84.8,42.1,3.2,34.9,47.8,35.5,14.9,88.0,12.0,1.0071023315153145,1.042626312491694
382,E05000407,Kingston upon Thames,11.1,480000.0,44320.0,82.9,86.1,11.0,4.3,40.5,26.2,33.4,14.2,25.0,75.0,1.022541400276752,1.038866842614921
383,E05000408,Kingston upon Thames,11.2,400000.0,41410.0,79.2,87.2,23.6,4.7,28.9,268.5,23.2,8.8,41.0,59.0,1.0356052276902763,0.9925000474680548
384,E05000409,Kingston upon Thames,13.6,341750.0,34650.0,77.1,80.5,34.5,5.4,29.2,62.4,31.0,9.2,5.0,95.0,0.9560346425351748,0.9661837583306441
385,E05000410,Kingston upon Thames,8.4,395725.0,41760.0,83.6,87.4,21.3,2.3,36.1,29.6,30.8,18.1,84.0,16.0,1.0379804690381897,1.0476389389940577
386,E05000411,Kingston upon Thames,12.7,443567.5,41850.0,81.4,82.2,28.2,3.0,37.8,33.8,41.4,18.1,29.0,71.0,0.9762241939924393,1.0200694932310563
387,E05000412,Kingston upon Thames,8.9,395350.0,44930.0,81.7,84.3,23.9,4.2,30.2,49.7,21.3,8.3,65.0,35.0,1.0011642281455309,1.0238289631078292
388,E05000413,Kingston upon Thames,7.0,396770.0,43160.0,79.7,82.6,5.8,3.7,34.7,29.6,19.0,13.5,97.0,3.0,0.9809746766882662,0.9987658305960097
389,E05000414,Kingston upon Thames,8.0,337195.0,37840.0,80.3,86.7,33.1,2.9,32.1,53.7,27.2,13.8,61.0,39.0,1.0296671243204927,1.0062847703495554
390,E05000415,Kingston upon Thames,6.1,550000.0,48530.0,84.1,87.2,22.7,7.0,42.1,33.1,17.6,14.9,100.0,0.0,1.0356052276902763,1.0539047221220126
391,E05000416,Lambeth,13.7,590000.0,40360.0,79.1,83.2,31.6,6.4,33.2,243.6,42.0,8.2,10.0,90.0,0.9881004007320067,0.9912468908424636
392,E05000417,Lambeth,11.1,420000.0,39050.0,76.2,81.4,13.1,10.1,34.3,91.5,41.5,6.7,59.0,41.0,0.9667232286007854,0.9549053487003254
393,E05000418,Lambeth,7.6,620000.0,49520.0,78.5,83.0,27.9,8.8,31.7,85.6,24.3,7.1,90.0,10.0,0.9857251593840932,0.9837279510889179
394,E05000419,Lambeth,7.8,610000.0,44960.0,74.5,80.7,13.1,8.6,31.0,142.5,29.3,6.7,100.0,0.0,0.9584098838830882,0.9336016860652787
395,E05000420,Lambeth,13.3,435000.0,32220.0,76.7,86.5,14.4,8.0,33.3,180.9,62.1,6.1,64.0,36.0,1.027291882972579,0.9611711318282803
396,E05000421,Lambeth,11.8,497475.0,39480.0,77.1,84.5,10.3,8.2,29.7,145.6,40.4,5.9,30.0,70.0,1.0035394694934443,0.9661837583306441
397,E05000422,Lambeth,7.7,350000.0,36650.0,78.3,82.1,25.7,6.2,33.8,79.6,44.9,8.4,76.0,24.0,0.9750365733184825,0.9812216378377359
398,E05000423,Lambeth,10.8,432500.0,41700.0,77.9,85.0,37.9,12.5,40.3,92.4,39.6,7.6,100.0,0.0,1.009477572863228,0.9762090113353721
399,E05000424,Lambeth,11.6,355000.0,36950.0,76.5,80.6,13.3,4.9,34.2,74.6,47.7,9.2,95.0,5.0,0.9572222632091314,0.9586648185770983
400,E05000425,Lambeth,13.0,430000.0,37260.0,75.5,80.5,20.0,8.1,28.6,92.8,43.3,6.4,14.0,86.0,0.9560346425351748,0.9461332523211885
401,E05000426,Lambeth,15.0,699995.0,39200.0,79.0,81.8,24.9,9.2,34.2,127.4,36.9,7.0,0.0,100.0,0.9714737112966123,0.9899937342168728
402,E05000427,Lambeth,12.4,495000.0,37600.0,77.9,84.4,20.7,9.0,37.8,119.3,43.4,9.2,0.0,100.0,1.0023518488194876,0.9762090113353721
403,E05000428,Lambeth,15.8,340000.0,39880.0,79.7,85.7,12.1,6.0,29.9,104.0,38.9,7.7,100.0,0.0,1.0177909175809252,0.9987658305960097
404,E05000429,Lambeth,17.8,391375.0,35050.0,78.8,81.9,13.2,8.7,34.4,83.7,44.3,7.1,0.0,100.0,0.9726613319705691,0.9874874209656908
405,E05000430,Lambeth,12.4,359000.0,39250.0,77.1,81.1,14.1,7.6,32.8,76.9,37.9,8.2,100.0,0.0,0.9631603665789151,0.9661837583306441
406,E05000431,Lambeth,15.8,375000.0,36710.0,81.2,84.4,26.0,4.1,33.1,74.9,52.5,11.2,99.0,1.0,1.0023518488194876,1.0175631799798743
407,E05000432,Lambeth,14.2,345875.0,38270.0,78.2,80.6,18.3,5.5,32.3,72.7,43.1,8.3,96.0,4.0,0.9572222632091314,0.979968481212145
408,E05000433,Lambeth,10.1,511250.0,41880.0,81.3,87.5,22.4,7.9,37.6,55.2,40.5,7.6,82.0,18.0,1.0391680897121465,1.0188163366054652
409,E05000434,Lambeth,8.7,412747.5,41600.0,80.5,83.8,19.7,8.3,39.4,73.2,36.3,9.6,100.0,0.0,0.9952261247757471,1.0087910836007374
410,E05000435,Lambeth,11.3,417000.0,35610.0,78.9,83.4,16.6,9.6,35.7,80.3,52.6,6.7,100.0,0.0,0.9904756420799202,0.9887405775912819
411,E05000436,Lambeth,12.1,395000.0,34830.0,78.6,85.0,16.8,9.7,33.1,81.0,52.7,7.2,15.0,85.0,1.009477572863228,0.9849811077145088
412,E05000437,Lewisham,6.2,265000.0,31340.0,77.1,82.2,46.7,1.9,26.6,94.0,51.3,10.4,100.0,0.0,0.9762241939924393,0.9661837583306441
413,E05000438,Lewisham,7.4,385000.0,44870.0,79.3,83.3,34.6,3.9,38.7,83.9,30.2,10.5,100.0,0.0,0.9892880214059634,0.9937532040936456
414,E05000439,Lewisham,10.5,330000.0,38100.0,77.0,82.4,13.3,5.5,33.0,78.8,43.1,6.1,79.0,21.0,0.9785994353403529,0.9649306017050532
415,E05000440,Lewisham,7.1,332500.0,39070.0,77.9,84.2,3.0,2.7,35.0,44.8,56.2,11.5,94.0,6.0,0.9999766074715741,0.9762090113353721
416,E05000441,Lewisham,7.0,455000.0,42560.0,79.6,86.8,20.7,5.8,38.1,58.4,39.6,9.5,91.0,9.0,1.0308547449944492,0.9975126739704185
417,E05000442,Lewisham,6.2,242500.0,30880.0,79.5,84.7,30.1,1.7,24.7,78.9,41.7,12.4,100.0,0.0,1.0059147108413578,0.9962595173448276
418,E05000443,Lewisham,16.0,315000.0,30560.0,77.2,81.4,22.6,4.3,30.0,69.6,60.9,5.8,59.0,41.0,0.9667232286007854,0.9674369149562352
419,E05000444,Lewisham,8.2,340000.0,40960.0,78.4,82.7,22.2,4.6,37.7,69.9,38.2,9.8,100.0,0.0,0.982162297362223,0.982474794463327
420,E05000445,Lewisham,7.0,250000.0,36150.0,78.5,82.4,21.6,2.2,30.7,50.6,37.5,12.4,83.0,17.0,0.9785994353403529,0.9837279510889179
421,E05000446,Lewisham,9.4,370000.0,40290.0,78.9,83.1,25.7,5.8,40.8,55.0,45.4,8.9,100.0,0.0,0.9869127800580498,0.9887405775912819
422,E05000447,Lewisham,8.1,402500.0,42760.0,80.7,84.1,11.7,3.8,41.2,60.9,33.7,11.4,89.0,11.0,0.9987889867976173,1.0112973968519194
423,E05000448,Lewisham,12.4,290000.0,35760.0,75.4,80.8,13.8,3.4,30.4,134.9,51.6,7.4,91.0,9.0,0.959597504557045,0.9448800956955976
424,E05000449,Lewisham,15.3,242000.0,31520.0,74.3,77.6,16.5,4.9,30.6,108.5,59.7,5.5,31.0,69.0,0.9215936429904292,0.9310953728140967
425,E05000450,Lewisham,7.2,355000.0,39130.0,80.1,84.3,9.7,4.1,37.4,54.6,42.5,9.7,83.0,17.0,1.0011642281455309,1.0037784570983734
426,E05000451,Lewisham,10.2,270000.0,34670.0,79.4,82.8,24.0,2.9,29.9,118.7,59.1,8.2,99.0,1.0,0.9833499180361797,0.9950063607192368
427,E05000452,Lewisham,7.1,350000.0,37060.0,75.6,81.4,13.1,2.8,35.6,73.2,41.8,11.4,100.0,0.0,0.9667232286007854,0.9473864089467794
428,E05000453,Lewisham,10.9,360000.0,37230.0,79.7,83.2,16.5,6.5,36.1,51.1,49.4,7.1,52.0,48.0,0.9881004007320067,0.9987658305960097
429,E05000454,Lewisham,6.8,248000.0,32840.0,79.8,85.9,27.9,1.7,27.7,70.4,50.5,10.6,100.0,0.0,1.0201661589288387,1.0000189872216005
430,E05000455,Merton,12.5,482500.0,45370.0,79.3,83.4,12.8,3.9,35.4,71.6,26.6,8.7,100.0,0.0,0.9904756420799202,0.9937532040936456
431,E05000456,Merton,7.7,455000.0,42320.0,82.3,88.2,42.7,3.3,40.0,35.4,25.4,17.7,100.0,0.0,1.0474814344298438,1.031347902861375
432,E05000457,Merton,16.3,350000.0,38780.0,79.4,84.7,14.6,4.4,35.8,79.1,40.1,8.6,100.0,0.0,1.0059147108413578,0.9950063607192368
433,E05000458,Merton,14.5,245000.0,29930.0,77.8,82.4,50.0,2.4,35.0,78.5,47.5,11.2,100.0,0.0,0.9785994353403529,0.974955854709781
434,E05000459,Merton,7.3,565000.0,49910.0,84.0,85.9,15.3,3.8,42.7,60.4,18.1,10.5,78.0,22.0,1.0201661589288387,1.0526515654964217
435,E05000460,Merton,16.3,250000.0,30860.0,78.6,81.1,23.0,2.8,35.3,78.8,57.4,9.7,89.0,11.0,0.9631603665789151,0.9849811077145088
436,E05000461,Merton,23.1,388000.0,35580.0,80.9,85.6,12.3,3.1,37.6,55.6,57.5,11.7,53.0,47.0,1.0166032969069683,1.0138037101031014
437,E05000462,Merton,11.3,563750.0,51480.0,81.7,88.6,5.6,2.8,38.7,56.7,21.7,14.1,55.0,45.0,1.0522319171256704,1.0238289631078292
438,E05000463,Merton,19.6,280000.0,33360.0,80.6,83.6,18.6,3.4,30.3,57.9,46.8,8.2,96.0,4.0,0.9928508834278336,1.0100442402263283
439,E05000464,Merton,14.5,295000.0,34350.0,79.8,82.7,36.6,2.1,34.9,50.9,58.2,11.2,79.0,21.0,0.982162297362223,1.0000189872216005
440,E05000465,Merton,5.9,320000.0,38730.0,80.5,84.5,34.0,2.4,36.5,33.1,21.9,16.4,90.0,10.0,1.0035394694934443,1.0087910836007374
441,E05000466,Merton,10.1,522500.0,46300.0,83.8,86.3,18.8,4.3,43.0,54.8,29.2,15.9,96.0,4.0,1.0249166416246656,1.0501452522452397
442,E05000467,Merton,9.4,288000.0,31940.0,80.2,83.5,52.8,2.5,34.1,60.2,56.4,10.8,100.0,0.0,0.991663262753877,1.0050316137239645
443,E05000468,Merton,13.1,285000.0,32330.0,76.7,81.7,37.8,2.3,33.7,63.7,38.9,13.0,97.0,3.0,0.9702860906226556,0.9611711318282803
444,E05000469,Merton,8.7,499500.0,49340.0,78.9,81.7,24.4,3.7,40.1,43.9,19.8,14.2,33.0,67.0,0.9702860906226556,0.9887405775912819
445,E05000470,Merton,11.7,280000.0,32530.0,77.5,83.2,41.6,2.6,33.2,51.4,35.0,13.4,93.0,7.0,0.9881004007320067,0.9711963848330081
446,E05000471,Merton,9.8,497000.0,47380.0,79.1,84.0,15.7,4.0,38.1,83.9,22.2,8.8,93.0,7.0,0.9976013661236606,0.9912468908424636
447,E05000472,Merton,8.3,1530000.0,62200.0,84.4,86.4,62.2,4.1,46.6,52.2,17.1,20.3,96.0,4.0,1.0261042622986225,1.0576641919987857
448,E05000473,Merton,9.3,475000.0,44170.0,82.3,83.6,32.4,3.5,41.0,49.6,30.0,14.5,97.0,3.0,0.9928508834278336,1.031347902861375
449,E05000474,Merton,8.4,732500.0,50730.0,84.0,85.4,28.5,4.8,44.7,42.2,20.4,9.1,84.0,16.0,1.014228055559055,1.0526515654964217
450,E05000475,Newham,23.5,233500.0,34100.0,78.1,83.5,30.9,1.9,21.7,125.2,54.2,4.9,90.0,10.0,0.991663262753877,0.9787153245865539
451,E05000476,Newham,26.4,250000.0,31630.0,79.9,85.9,6.1,1.3,33.7,69.8,78.1,8.1,50.0,50.0,1.0201661589288387,1.0012721438471917
452,E05000477,Newham,18.6,249000.0,28910.0,77.2,82.2,21.6,1.4,27.3,93.9,59.2,7.6,99.0,1.0,0.9762241939924393,0.9674369149562352
453,E05000478,Newham,19.9,280000.0,32870.0,76.4,81.8,26.6,2.0,23.3,64.8,54.5,6.1,48.0,52.0,0.9714737112966123,0.9574116619515074
454,E05000479,Newham,19.6,250000.0,31840.0,75.2,78.4,30.6,1.7,22.8,108.1,53.5,6.7,74.0,26.0,0.9310946083820832,0.9423737824444156
455,E05000480,Newham,29.1,250000.0,32380.0,79.2,84.3,10.8,1.2,33.7,111.8,81.9,7.5,19.0,81.0,1.0011642281455309,0.9925000474680548
456,E05000481,Newham,31.5,249995.0,32340.0,76.2,81.4,12.4,0.8,35.5,54.7,90.8,7.8,16.0,84.0,0.9667232286007854,0.9549053487003254
457,E05000482,Newham,19.7,240000.0,31430.0,77.8,82.1,23.5,1.5,30.4,67.1,67.7,7.3,100.0,0.0,0.9750365733184825,0.974955854709781
458,E05000483,Newham,21.0,313000.0,34270.0,77.6,83.6,13.8,2.9,30.8,64.7,64.1,7.4,67.0,33.0,0.9928508834278336,0.972449541458599
459,E05000484,Newham,25.5,263900.0,34550.0,76.5,79.1,2.2,2.2,29.2,87.9,68.2,6.4,28.0,72.0,0.9394079530997803,0.9586648185770983
460,E05000485,Newham,33.2,260000.0,31570.0,80.6,84.2,2.4,1.0,34.3,60.1,89.9,6.2,49.0,51.0,0.9999766074715741,1.0100442402263283
461,E05000486,Newham,32.7,250000.0,31080.0,78.5,85.3,3.2,1.0,33.8,71.2,89.3,7.8,6.0,94.0,1.013040434885098,0.9837279510889179
462,E05000487,Newham,27.3,230000.0,29730.0,76.3,81.4,48.6,1.1,31.4,75.6,82.0,6.7,81.0,19.0,0.9667232286007854,0.9561585053259163
463,E05000488,Newham,27.6,249974.5,31580.0,76.7,81.3,26.6,1.6,31.0,66.8,81.5,7.1,99.0,1.0,0.9655356079268286,0.9611711318282803
464,E05000489,Newham,23.6,250000.0,30740.0,78.3,85.0,10.7,1.8,30.8,61.9,73.4,7.6,80.0,20.0,1.009477572863228,0.9812216378377359
465,E05000490,Newham,21.9,250000.0,31750.0,79.1,82.2,14.6,1.8,30.2,92.0,67.3,6.5,99.0,1.0,0.9762241939924393,0.9912468908424636
466,E05000491,Newham,18.1,303500.0,38580.0,77.3,87.3,56.8,1.8,21.3,71.5,54.1,3.7,41.0,59.0,1.036792848364233,0.9686900715818261
467,E05000492,Newham,23.5,280000.0,35840.0,77.7,83.3,44.7,2.4,24.3,240.9,59.2,4.7,52.0,48.0,0.9892880214059634,0.9737026980841901
468,E05000493,Newham,29.7,250000.0,32330.0,79.7,82.3,33.9,0.9,35.7,46.6,82.2,6.8,39.0,61.0,0.977411814666396,0.9987658305960097
469,E05000494,Newham,22.1,273500.0,32310.0,81.5,80.9,27.2,2.1,28.9,58.8,65.5,7.6,75.0,25.0,0.9607851252310018,1.0213226498566472
470,E05000495,Redbridge,12.8,315000.0,37310.0,78.5,81.7,78.2,0.6,34.8,66.3,61.3,12.0,66.0,34.0,0.9702860906226556,0.9837279510889179
471,E05000496,Redbridge,12.8,368750.0,39620.0,84.5,87.5,1.3,0.7,31.1,50.5,64.2,15.0,49.0,51.0,1.0391680897121465,1.0589173486243766
472,E05000497,Redbridge,6.7,340000.0,39320.0,81.8,86.4,35.8,1.1,32.4,58.6,28.1,14.8,94.0,6.0,1.0261042622986225,1.0250821197334201
473,E05000498,Redbridge,9.9,250000.0,36700.0,79.2,81.5,5.0,0.9,29.2,54.5,56.9,10.1,35.0,65.0,0.9679108492747421,0.9925000474680548
474,E05000499,Redbridge,5.8,340000.0,45410.0,80.1,85.8,4.8,1.9,37.5,61.0,26.5,12.4,100.0,0.0,1.018978538254882,1.0037784570983734
475,E05000500,Redbridge,10.9,390000.0,41450.0,83.0,85.6,22.0,0.6,41.3,54.0,71.0,15.4,58.0,42.0,1.0166032969069683,1.040119999240512
476,E05000501,Redbridge,25.1,235000.0,30230.0,79.0,83.6,7.1,0.6,27.6,136.7,84.2,7.4,88.0,12.0,0.9928508834278336,0.9899937342168728
477,E05000502,Redbridge,15.1,367500.0,38290.0,79.9,82.5,39.9,0.9,31.8,73.0,75.4,12.7,98.0,2.0,0.9797870560143095,1.0012721438471917
478,E05000503,Redbridge,8.2,310000.0,37560.0,79.6,84.3,48.4,0.6,34.8,57.7,34.9,13.9,70.0,30.0,1.0011642281455309,0.9975126739704185
479,E05000504,Redbridge,8.0,339497.5,35690.0,84.0,85.1,23.7,0.8,33.4,55.4,48.5,15.8,78.0,22.0,1.0106651935371846,1.0526515654964217
480,E05000505,Redbridge,18.5,307000.0,33820.0,78.8,84.0,27.7,0.8,29.1,70.3,75.2,8.5,98.0,2.0,0.9976013661236606,0.9874874209656908
481,E05000506,Redbridge,7.4,249999.0,31520.0,77.5,82.3,62.6,1.0,23.5,60.4,29.8,14.1,80.0,20.0,0.977411814666396,0.9711963848330081
482,E05000507,Redbridge,23.7,193000.0,28500.0,76.4,81.3,16.8,0.7,29.6,86.2,83.5,6.9,100.0,0.0,0.9655356079268286,0.9574116619515074
483,E05000508,Redbridge,13.5,305000.0,35630.0,81.2,83.4,14.3,0.9,32.0,52.5,73.3,11.8,95.0,5.0,0.9904756420799202,1.0175631799798743
484,E05000509,Redbridge,3.8,499747.5,48780.0,82.1,84.0,31.0,1.5,41.0,48.1,21.1,21.8,100.0,0.0,0.9976013661236606,1.028841589610193
485,E05000510,Redbridge,17.6,315000.0,35550.0,80.9,87.4,21.4,0.8,33.5,54.9,77.2,9.8,59.0,41.0,1.0379804690381897,1.0138037101031014
486,E05000511,Redbridge,8.7,302500.0,41040.0,81.5,85.0,35.7,1.6,34.0,50.3,37.2,11.0,100.0,0.0,1.009477572863228,1.0213226498566472
487,E05000512,Redbridge,19.3,294000.0,34480.0,79.9,83.5,21.4,0.8,30.3,87.3,76.7,9.0,54.0,46.0,0.991663262753877,1.0012721438471917
488,E05000513,Redbridge,6.5,361392.5,45160.0,79.8,85.0,12.6,2.4,40.3,51.8,30.2,16.8,100.0,0.0,1.009477572863228,1.0000189872216005
489,E05000514,Redbridge,21.0,225000.0,34900.0,78.6,83.6,13.3,1.1,28.9,104.5,77.6,8.8,100.0,0.0,0.9928508834278336,0.9849811077145088
490,E05000515,Redbridge,5.7,460000.0,46370.0,80.0,86.0,66.5,3.2,43.5,71.8,30.0,16.5,100.0,0.0,1.0213537796027954,1.0025253004727825
491,E05000516,Richmond upon Thames,8.3,1362500.0,55450.0,83.4,86.7,54.4,7.6,45.4,55.7,14.3,16.0,100.0,0.0,1.0296671243204927,1.045132625742876
492,E05000517,Richmond upon Thames,5.5,985000.0,56090.0,84.4,88.2,76.6,7.8,51.7,48.7,9.3,15.7,100.0,0.0,1.0474814344298438,1.0576641919987857
493,E05000518,Richmond upon Thames,4.0,480000.0,48810.0,80.5,83.9,32.7,7.0,41.0,44.7,9.9,14.1,91.0,9.0,0.996413745449704,1.0087910836007374
494,E05000519,Richmond upon Thames,7.6,500000.0,44870.0,79.3,86.8,81.9,7.9,40.3,56.0,15.9,17.8,100.0,0.0,1.0308547449944492,0.9937532040936456
495,E05000520,Richmond upon Thames,4.0,599950.0,46750.0,81.8,83.6,74.7,6.0,41.2,49.7,11.3,18.2,70.0,30.0,0.9928508834278336,1.0250821197334201
496,E05000521,Richmond upon Thames,5.4,335000.0,39440.0,79.1,86.1,28.2,5.5,35.3,47.9,16.3,17.2,92.0,8.0,1.022541400276752,0.9912468908424636
497,E05000522,Richmond upon Thames,4.5,455000.0,46760.0,80.9,87.8,50.0,6.6,41.4,46.2,11.4,13.9,98.0,2.0,1.0427309517340166,1.0138037101031014
498,E05000523,Richmond upon Thames,8.7,380500.0,36950.0,82.1,83.6,27.1,3.6,33.1,55.3,30.4,16.0,97.0,3.0,0.9928508834278336,1.028841589610193
499,E05000524,Richmond upon Thames,7.6,630000.0,52130.0,84.5,89.0,56.7,5.7,47.8,56.7,15.3,15.2,62.0,38.0,1.0569823998214976,1.0589173486243766
500,E05000525,Richmond upon Thames,5.2,746500.0,50100.0,82.3,86.7,39.1,8.6,44.2,64.1,11.7,12.7,100.0,0.0,1.0296671243204927,1.031347902861375
501,E05000526,Richmond upon Thames,6.8,625625.0,50860.0,83.7,87.6,54.1,6.2,48.0,58.6,15.7,14.5,58.0,42.0,1.0403557103861032,1.0488920956196488
502,E05000527,Richmond upon Thames,4.8,600000.0,52870.0,85.2,85.8,23.6,6.1,45.2,58.3,12.3,9.2,80.0,20.0,1.018978538254882,1.0676894450035135
503,E05000528,Richmond upon Thames,8.5,655000.0,52690.0,81.5,86.0,47.4,3.8,43.8,110.7,13.1,14.2,100.0,0.0,1.0213537796027954,1.0213226498566472
504,E05000529,Richmond upon Thames,4.0,555500.0,51380.0,83.7,87.3,26.7,5.9,40.4,35.3,9.7,11.8,98.0,2.0,1.036792848364233,1.0488920956196488
505,E05000530,Richmond upon Thames,4.1,499950.0,50600.0,80.9,85.5,64.0,5.5,44.6,46.4,8.9,15.2,87.0,13.0,1.0154156762330118,1.0138037101031014
506,E05000531,Richmond upon Thames,7.2,458725.0,51350.0,81.7,83.8,37.8,4.8,41.7,66.7,10.3,12.9,100.0,0.0,0.9952261247757471,1.0238289631078292
507,E05000532,Richmond upon Thames,4.4,450000.0,45040.0,79.4,88.6,45.6,6.2,37.4,55.2,16.0,12.7,100.0,0.0,1.0522319171256704,0.9950063607192368
508,E05000533,Richmond upon Thames,6.7,420000.0,42230.0,80.2,85.0,21.2,5.4,39.4,49.6,21.5,17.9,65.0,35.0,1.009477572863228,1.0050316137239645
509,E05000534,Southwark,10.7,346500.0,36310.0,76.6,84.1,7.0,10.3,37.0,104.8,53.3,7.1,93.0,7.0,0.9987889867976173,0.9599179752026892
510,E05000535,Southwark,13.4,310000.0,31840.0,74.3,80.9,1.6,7.5,33.9,111.2,61.1,7.0,99.0,1.0,0.9607851252310018,0.9310953728140967
511,E05000536,Southwark,10.4,580000.0,40430.0,76.0,84.5,15.7,7.5,30.0,184.9,38.4,7.0,0.0,100.0,1.0035394694934443,0.9523990354491434
512,E05000537,Southwark,13.3,442000.0,37780.0,80.9,83.7,5.6,7.0,34.2,114.4,49.9,5.2,0.0,100.0,0.9940385041017904,1.0138037101031014
513,E05000538,Southwark,5.3,350000.0,42600.0,80.2,86.6,43.7,5.4,40.6,73.3,36.6,12.0,98.0,2.0,1.0284795036465357,1.0050316137239645
514,E05000539,Southwark,5.6,572500.0,48670.0,79.1,85.2,0.7,8.9,40.7,60.3,28.2,9.1,89.0,11.0,1.0118528142111416,0.9912468908424636
515,E05000540,Southwark,13.7,315000.0,31010.0,77.5,83.2,24.1,7.0,34.5,159.3,51.8,7.8,72.0,28.0,0.9881004007320067,0.9711963848330081
516,E05000541,Southwark,14.6,315000.0,30760.0,79.3,84.0,30.0,6.9,31.2,97.4,60.7,7.5,100.0,0.0,0.9976013661236606,0.9937532040936456
517,E05000542,Southwark,10.8,500000.0,38500.0,75.4,82.2,4.5,7.1,29.6,106.2,39.1,5.7,40.0,60.0,0.9762241939924393,0.9448800956955976
518,E05000543,Southwark,11.9,289995.0,28880.0,78.6,85.0,4.5,4.9,33.8,98.2,62.2,8.6,58.0,42.0,1.009477572863228,0.9849811077145088
519,E05000544,Southwark,13.6,380000.0,34190.0,78.9,83.0,3.7,8.7,36.4,110.4,48.2,8.0,41.0,59.0,0.9857251593840932,0.9887405775912819
520,E05000545,Southwark,9.1,356250.0,33540.0,76.5,78.7,20.1,7.4,34.5,68.7,55.5,9.0,51.0,49.0,0.9346574704039535,0.9586648185770983
521,E05000546,Southwark,12.3,285000.0,30030.0,76.1,80.7,7.0,5.0,33.9,95.7,70.8,7.2,83.0,17.0,0.9584098838830882,0.9536521920747343
522,E05000547,Southwark,5.9,421000.0,42820.0,80.0,83.8,45.7,9.2,39.9,56.5,35.8,8.5,100.0,0.0,0.9952261247757471,1.0025253004727825
523,E05000548,Southwark,12.7,585000.0,43110.0,79.6,83.9,23.2,5.5,30.5,101.9,31.2,6.4,51.0,49.0,0.996413745449704,0.9975126739704185
524,E05000549,Southwark,15.2,421800.0,36970.0,78.1,82.5,34.1,5.4,31.0,97.5,40.9,6.9,100.0,0.0,0.9797870560143095,0.9787153245865539
525,E05000550,Southwark,14.6,288025.0,31150.0,78.3,84.6,3.0,6.3,30.4,103.3,44.8,7.4,100.0,0.0,1.004727090167401,0.9812216378377359
526,E05000551,Southwark,7.7,396089.0,41130.0,79.7,87.6,19.9,8.8,38.4,52.2,44.1,7.3,71.0,29.0,1.0403557103861032,0.9987658305960097
527,E05000552,Southwark,15.4,415000.0,45410.0,78.5,82.4,40.3,6.3,29.7,53.7,30.9,6.1,100.0,0.0,0.9785994353403529,0.9837279510889179
528,E05000553,Southwark,8.5,407500.0,37940.0,79.1,83.0,6.0,9.9,37.6,138.1,50.7,8.8,50.0,50.0,0.9857251593840932,0.9912468908424636
529,E05000554,Southwark,3.5,850000.0,58400.0,83.7,85.9,33.8,10.2,51.7,57.5,20.1,12.0,83.0,17.0,1.0201661589288387,1.0488920956196488
530,E05000555,Sutton,3.8,289000.0,39290.0,80.4,86.2,53.0,2.2,33.2,59.6,23.5,14.5,98.0,2.0,1.0237290209507088,1.0075379269751465
531,E05000556,Sutton,4.2,386000.0,35600.0,80.0,84.6,39.0,1.6,31.8,52.9,28.8,15.9,97.0,3.0,1.004727090167401,1.0025253004727825
532,E05000557,Sutton,4.8,290000.0,44260.0,80.7,85.6,19.0,1.6,38.0,35.6,22.2,17.6,90.0,10.0,1.0166032969069683,1.0112973968519194
533,E05000558,Sutton,3.7,318000.0,42200.0,82.2,84.7,26.9,2.9,38.1,44.4,13.7,15.3,71.0,29.0,1.0059147108413578,1.0300947462357841
534,E05000559,Sutton,2.4,419995.0,44270.0,81.5,84.4,68.2,1.7,38.2,34.1,16.7,16.9,63.0,37.0,1.0023518488194876,1.0213226498566472
535,E05000560,Sutton,3.3,376000.0,46220.0,82.4,83.1,24.7,1.8,41.2,33.9,21.2,20.3,92.0,8.0,0.9869127800580498,1.0326010594869661
536,E05000561,Sutton,3.6,388500.0,42640.0,83.5,88.5,10.4,2.3,37.8,44.4,15.3,18.9,92.0,8.0,1.051044296451714,1.0463857823684668
537,E05000562,Sutton,8.1,248000.0,31040.0,77.4,83.8,25.8,1.8,22.0,71.9,25.5,10.7,98.0,2.0,0.9952261247757471,0.9699432282074172
538,E05000563,Sutton,5.2,347500.0,39210.0,79.6,83.1,21.5,1.9,32.0,48.5,20.9,16.0,26.0,74.0,0.9869127800580498,0.9975126739704185
539,E05000564,Sutton,9.7,240000.0,35660.0,79.4,82.8,12.9,2.2,30.2,158.4,24.1,11.2,12.0,88.0,0.9833499180361797,0.9950063607192368
540,E05000565,Sutton,6.1,300500.0,38060.0,81.1,84.4,28.5,2.1,33.6,46.1,21.9,17.4,42.0,58.0,1.0023518488194876,1.0163100233542832
541,E05000566,Sutton,9.7,250000.0,40460.0,80.0,80.9,8.1,1.7,34.4,42.5,24.4,17.0,84.0,16.0,0.9607851252310018,1.0025253004727825
542,E05000567,Sutton,7.8,270000.0,41610.0,80.5,83.1,23.1,2.2,33.9,33.8,23.0,14.2,57.0,43.0,0.9869127800580498,1.0087910836007374
543,E05000568,Sutton,3.7,257500.0,36790.0,77.4,82.5,18.0,2.3,29.7,61.4,16.9,14.1,83.0,17.0,0.9797870560143095,0.9699432282074172
544,E05000569,Sutton,4.4,272000.0,38710.0,80.7,83.9,19.2,2.0,38.2,50.6,19.6,14.0,94.0,6.0,0.996413745449704,1.0112973968519194
545,E05000570,Sutton,4.3,246000.0,37960.0,79.7,85.1,9.5,1.8,37.3,50.5,21.3,17.5,12.0,88.0,1.0106651935371846,0.9987658305960097
546,E05000571,Sutton,5.7,243500.0,32330.0,78.7,81.2,40.5,3.0,26.6,65.6,24.8,9.2,100.0,0.0,0.964347987252872,0.9862342643400999
547,E05000572,Sutton,6.1,338000.0,40610.0,81.8,86.6,22.3,2.7,33.8,44.6,20.0,14.4,58.0,42.0,1.0284795036465357,1.0250821197334201
548,E05000573,Tower Hamlets,15.0,383000.0,36230.0,74.7,82.1,6.3,12.7,34.4,119.0,49.4,6.5,98.0,2.0,0.9750365733184825,0.9361079993164607
549,E05000574,Tower Hamlets,23.1,357500.0,32860.0,76.1,83.5,16.9,7.8,35.6,121.3,64.3,4.9,23.0,77.0,0.991663262753877,0.9536521920747343
550,E05000575,Tower Hamlets,21.9,380000.0,43330.0,79.0,84.8,42.2,3.0,27.8,60.3,50.4,4.7,88.0,12.0,1.0071023315153145,0.9899937342168728
551,E05000576,Tower Hamlets,10.9,325000.0,36800.0,75.8,83.0,39.0,9.3,31.5,98.9,39.9,6.8,100.0,0.0,0.9857251593840932,0.9498927221979614
552,E05000577,Tower Hamlets,11.3,415000.0,41000.0,78.5,83.2,42.8,11.0,38.3,98.5,40.7,7.7,100.0,0.0,0.9881004007320067,0.9837279510889179
553,E05000578,Tower Hamlets,22.0,302500.0,31980.0,80.1,82.4,11.6,4.8,35.4,79.3,70.4,5.0,100.0,0.0,0.9785994353403529,1.0037784570983734
554,E05000579,Tower Hamlets,18.6,293000.0,29680.0,75.5,81.1,12.4,3.2,32.8,108.4,63.7,6.1,51.0,49.0,0.9631603665789151,0.9461332523211885
555,E05000580,Tower Hamlets,19.7,375000.0,36260.0,76.0,79.0,23.3,4.5,34.6,88.8,56.8,5.6,76.0,24.0,0.9382203324258237,0.9523990354491434
556,E05000581,Tower Hamlets,16.4,385000.0,34300.0,76.5,80.6,12.5,8.9,35.8,86.6,52.6,5.8,100.0,0.0,0.9572222632091314,0.9586648185770983
557,E05000582,Tower Hamlets,20.0,325000.0,32510.0,77.2,82.9,33.3,5.9,34.1,87.3,66.0,5.3,100.0,0.0,0.9845375387101365,0.9674369149562352
558,E05000583,Tower Hamlets,23.4,420000.0,46940.0,82.0,84.0,35.0,2.8,27.6,74.4,47.6,3.7,63.0,37.0,0.9976013661236606,1.0275884329846021
559,E05000584,Tower Hamlets,19.8,363250.0,32930.0,76.7,81.2,21.2,6.8,37.4,78.5,65.2,7.6,74.0,26.0,0.964347987252872,0.9611711318282803
560,E05000585,Tower Hamlets,15.9,453000.0,50770.0,79.3,83.9,36.9,6.9,36.3,96.0,37.6,6.5,0.0,100.0,0.996413745449704,0.9937532040936456
561,E05000586,Tower Hamlets,23.2,370000.0,36360.0,78.0,84.9,24.2,5.4,38.3,86.9,64.4,6.0,45.0,55.0,1.0082899521892714,0.977462167960963
562,E05000587,Tower Hamlets,24.6,499995.0,39910.0,77.4,82.4,1.4,7.5,31.2,188.8,54.7,5.0,0.0,100.0,0.9785994353403529,0.9699432282074172
563,E05000588,Tower Hamlets,16.7,510000.0,37760.0,75.1,84.0,15.4,12.1,39.8,136.8,47.9,6.4,86.0,14.0,0.9976013661236606,0.9411206258188245
564,E05000589,Tower Hamlets,24.8,489000.0,37600.0,74.7,79.7,5.4,7.1,34.3,105.3,60.2,5.1,0.0,100.0,0.9465336771435209,0.9361079993164607
565,E05000590,Waltham Forest,18.2,326000.0,32700.0,77.9,81.7,5.0,3.0,32.0,61.2,57.0,7.3,92.0,8.0,0.9702860906226556,0.9762090113353721
566,E05000591,Waltham Forest,20.0,332500.0,30950.0,80.3,82.4,23.5,2.6,28.3,64.2,61.0,7.5,41.0,59.0,0.9785994353403529,1.0062847703495554
567,E05000592,Waltham Forest,14.1,340000.0,36440.0,82.1,84.6,31.2,3.0,33.0,73.0,48.5,8.7,73.0,27.0,1.004727090167401,1.028841589610193
568,E05000593,Waltham Forest,3.0,330000.0,39280.0,80.2,83.8,54.9,1.1,40.1,69.0,14.7,21.7,100.0,0.0,0.9952261247757471,1.0050316137239645
569,E05000594,Waltham Forest,3.8,310000.0,38580.0,82.6,88.6,18.5,1.2,37.7,43.9,22.4,18.0,100.0,0.0,1.0522319171256704,1.035107372738148
570,E05000595,Waltham Forest,18.4,401000.0,36080.0,79.0,83.8,40.4,3.5,33.3,81.6,58.7,10.0,74.0,26.0,0.9952261247757471,0.9899937342168728
571,E05000596,Waltham Forest,21.2,308000.0,36350.0,81.4,85.6,4.3,3.1,32.0,52.4,53.2,7.6,2.0,98.0,1.0166032969069683,1.0200694932310563
572,E05000597,Waltham Forest,5.9,288747.5,39490.0,79.8,87.0,41.4,2.3,37.9,52.1,33.1,12.2,100.0,0.0,1.0332299863423628,1.0000189872216005
573,E05000598,Waltham Forest,4.4,286500.0,36110.0,79.1,81.3,37.7,1.8,34.4,64.4,22.2,16.2,100.0,0.0,0.9655356079268286,0.9912468908424636
574,E05000599,Waltham Forest,18.0,333000.0,34810.0,80.2,84.8,56.6,4.1,29.4,151.3,50.7,7.9,3.0,97.0,1.0071023315153145,1.0050316137239645
575,E05000600,Waltham Forest,15.7,325000.0,31270.0,79.3,82.1,56.7,2.3,36.2,67.7,51.9,8.0,63.0,37.0,0.9750365733184825,0.9937532040936456
576,E05000601,Waltham Forest,17.2,360000.0,34890.0,77.2,82.1,10.6,3.1,36.4,87.4,49.9,8.4,10.0,90.0,0.9750365733184825,0.9674369149562352
577,E05000602,Waltham Forest,6.3,335000.0,35170.0,79.5,84.9,31.4,1.6,31.6,61.8,31.2,15.4,94.0,6.0,1.0082899521892714,0.9962595173448276
578,E05000603,Waltham Forest,21.2,283250.0,31450.0,75.5,80.8,40.1,3.9,31.1,98.4,64.8,8.1,27.0,73.0,0.959597504557045,0.9461332523211885
579,E05000604,Waltham Forest,20.8,255000.0,31040.0,78.7,82.5,27.6,2.7,28.9,88.2,63.5,7.6,3.0,97.0,0.9797870560143095,0.9862342643400999
580,E05000605,Waltham Forest,15.4,345000.0,38700.0,80.6,80.9,5.8,2.9,34.7,89.8,47.6,8.0,88.0,12.0,0.9607851252310018,1.0100442402263283
581,E05000606,Waltham Forest,19.0,324000.0,33780.0,80.0,82.3,30.9,3.3,33.3,72.3,58.2,7.8,0.0,100.0,0.977411814666396,1.0025253004727825
582,E05000607,Waltham Forest,7.9,285000.0,34250.0,80.3,85.3,17.6,1.8,32.0,104.1,38.4,13.8,80.0,20.0,1.013040434885098,1.0062847703495554
583,E05000608,Waltham Forest,16.9,351625.0,35070.0,76.3,84.5,5.3,3.7,36.8,55.6,51.8,8.2,8.0,92.0,1.0035394694934443,0.9561585053259163
584,E05000609,Waltham Forest,14.4,387500.0,35130.0,77.8,82.6,34.4,3.7,36.7,74.0,50.4,9.3,96.0,4.0,0.9809746766882662,0.974955854709781
585,E05000610,Wandsworth,6.5,595000.0,53420.0,83.3,85.6,11.8,7.9,37.8,78.0,19.4,8.4,100.0,0.0,1.0166032969069683,1.0438794691172848
586,E05000611,Wandsworth,8.3,496500.0,46410.0,79.0,83.6,44.9,7.1,38.1,53.7,27.6,7.5,100.0,0.0,0.9928508834278336,0.9899937342168728
587,E05000612,Wandsworth,8.2,541000.0,44360.0,78.3,85.1,16.5,6.5,34.7,66.1,27.7,6.6,92.0,8.0,1.0106651935371846,0.9812216378377359
588,E05000613,Wandsworth,9.3,534000.0,49010.0,79.6,86.6,11.0,7.1,34.3,42.6,20.6,11.1,59.0,41.0,1.0284795036465357,0.9975126739704185
589,E05000614,Wandsworth,7.1,500000.0,48590.0,79.5,81.7,11.1,7.7,34.1,83.6,22.1,7.2,83.0,17.0,0.9702860906226556,0.9962595173448276
590,E05000615,Wandsworth,12.9,410000.0,38240.0,81.2,83.4,19.3,7.2,39.9,58.6,43.1,9.9,87.0,13.0,0.9904756420799202,1.0175631799798743
591,E05000616,Wandsworth,14.4,440000.0,37960.0,79.7,84.1,2.6,5.5,36.3,100.2,46.4,9.1,100.0,0.0,0.9987889867976173,0.9987658305960097
592,E05000617,Wandsworth,11.5,398500.0,34990.0,76.0,83.6,12.7,7.0,32.7,74.6,44.5,8.9,57.0,43.0,0.9928508834278336,0.9523990354491434
593,E05000618,Wandsworth,6.7,595000.0,50790.0,77.7,80.9,9.6,8.4,39.5,64.5,21.4,9.1,100.0,0.0,0.9607851252310018,0.9737026980841901
594,E05000619,Wandsworth,5.7,795000.0,55810.0,82.4,87.1,34.5,8.8,37.6,101.6,14.9,6.6,100.0,0.0,1.0344176070163194,1.0326010594869661
595,E05000620,Wandsworth,15.4,630000.0,39580.0,78.2,86.2,38.5,8.6,31.8,74.8,35.7,7.4,89.0,11.0,1.0237290209507088,0.979968481212145
596,E05000621,Wandsworth,15.5,374950.0,30320.0,77.0,82.1,70.6,4.8,25.3,83.5,34.5,9.3,100.0,0.0,0.9750365733184825,0.9649306017050532
597,E05000622,Wandsworth,11.3,530000.0,44720.0,75.7,81.7,26.9,9.6,32.3,76.6,28.2,10.5,82.0,18.0,0.9702860906226556,0.9486395655723705
598,E05000623,Wandsworth,5.7,700000.0,50410.0,78.9,84.1,2.1,9.2,33.7,79.8,18.8,8.3,100.0,0.0,0.9987889867976173,0.9887405775912819
599,E05000624,Wandsworth,9.0,515250.0,48160.0,80.3,85.9,18.1,7.3,37.2,69.4,24.4,8.5,90.0,10.0,1.0201661589288387,1.0062847703495554
600,E05000625,Wandsworth,5.8,700000.0,55380.0,81.8,89.9,34.5,8.6,39.7,96.2,12.3,10.0,84.0,16.0,1.0676709858871083,1.0250821197334201
601,E05000626,Wandsworth,15.2,440500.0,36000.0,79.2,82.9,33.7,4.3,36.4,77.6,52.7,9.1,93.0,7.0,0.9845375387101365,0.9925000474680548
602,E05000627,Wandsworth,4.5,568000.0,51420.0,79.4,81.9,48.2,9.3,42.4,58.8,17.8,8.2,99.0,1.0,0.9726613319705691,0.9950063607192368
603,E05000628,Wandsworth,13.5,395000.0,40360.0,78.4,81.3,31.9,4.9,32.8,38.0,31.7,9.3,96.0,4.0,0.9655356079268286,0.982474794463327
604,E05000629,Wandsworth,9.5,497800.0,43280.0,79.2,82.7,20.0,7.2,34.4,51.3,22.9,12.9,100.0,0.0,0.982162297362223,0.9925000474680548
605,E05000630,Westminster,20.4,750000.0,52200.0,86.1,89.5,7.2,3.1,34.4,45.8,35.4,14.2,57.0,43.0,1.0629205031912812,1.0789678546338322
606,E05000631,Westminster,23.9,850000.0,49960.0,84.0,85.7,3.8,6.3,32.7,106.3,31.1,10.6,95.0,5.0,1.0177909175809252,1.0526515654964217
607,E05000632,Westminster,28.8,975000.0,51370.0,85.2,86.4,2.1,4.8,30.8,170.5,37.2,10.8,100.0,0.0,1.0261042622986225,1.0676894450035135
608,E05000633,Westminster,17.4,1100000.0,39530.0,79.5,85.9,22.2,5.4,38.6,107.6,39.4,11.9,90.0,10.0,1.0201661589288387,0.9962595173448276
609,E05000634,Westminster,27.2,440000.0,26290.0,79.1,82.6,7.6,4.0,35.2,80.9,61.7,13.8,88.0,12.0,0.9809746766882662,0.9912468908424636
610,E05000635,Westminster,17.9,499950.0,35000.0,76.1,85.4,3.0,6.6,33.9,67.1,49.0,8.5,100.0,0.0,1.014228055559055,0.9536521920747343
611,E05000636,Westminster,34.1,850000.0,46880.0,81.2,85.9,8.9,4.6,29.1,152.6,44.7,9.7,95.0,5.0,1.0201661589288387,1.0175631799798743
612,E05000637,Westminster,23.9,3500000.0,88330.0,89.1,91.6,69.1,2.9,28.1,177.1,30.4,13.7,100.0,0.0,1.0878605373443726,1.1165625534015615
613,E05000638,Westminster,32.2,895000.0,49290.0,84.0,87.3,8.6,6.0,27.4,150.4,33.7,8.4,100.0,0.0,1.036792848364233,1.0526515654964217
614,E05000639,Westminster,19.9,870000.0,48770.0,80.4,85.4,15.4,4.6,35.7,74.8,35.6,10.7,18.0,82.0,1.014228055559055,1.0075379269751465
615,E05000640,Westminster,15.2,773000.0,45660.0,80.9,86.0,27.2,5.3,33.8,59.0,37.6,9.2,22.0,78.0,1.0213537796027954,1.0138037101031014
616,E05000641,Westminster,21.8,1090000.0,58370.0,84.5,85.6,6.1,4.4,33.0,302.4,27.8,11.3,99.0,1.0,1.0166032969069683,1.0589173486243766
617,E05000642,Westminster,15.2,545000.0,32260.0,77.0,82.6,4.4,6.1,35.9,62.2,52.6,9.9,100.0,0.0,0.9809746766882662,0.9649306017050532
618,E05000643,Westminster,23.7,942500.0,46510.0,84.1,86.7,62.2,3.5,31.4,66.6,43.7,16.0,98.0,2.0,1.0296671243204927,1.0539047221220126
619,E05000644,Westminster,20.0,1262500.0,52520.0,83.5,85.9,30.7,3.6,31.5,990.0,28.8,11.2,0.0,100.0,1.0201661589288387,1.0463857823684668
620,E05000645,Westminster,15.1,715650.0,47340.0,83.3,84.3,32.4,5.9,40.2,57.7,21.8,14.9,0.0,100.0,1.0011642281455309,1.0438794691172848
621,E05000646,Westminster,17.0,840000.0,46550.0,80.0,85.1,26.4,4.3,37.8,82.4,29.3,12.6,59.0,41.0,1.0106651935371846,1.0025253004727825
622,E05000647,Westminster,15.9,857250.0,50250.0,80.7,88.5,4.0,5.9,36.8,138.1,24.0,12.1,69.0,31.0,1.051044296451714,1.0112973968519194
623,E05000648,Westminster,24.1,499975.0,32390.0,75.1,81.6,19.2,5.1,29.6,75.5,52.8,9.0,87.0,13.0,0.9690984699486987,0.9411206258188245
624,E05000649,Westminster,24.2,1487500.0,54970.0,82.1,84.1,3.9,3.4,29.7,1212.1,32.4,11.6,86.0,14.0,0.9987889867976173,1.028841589610193
625,E09000001,City of London,11.9,765000.0,63620.0,84.3,88.6,18.6,5.3,48.5,656.4,21.4,15.2,0.0,100.0,1.0522319171256704,1.0564110353731946
626,E09000002,,10.2,215000.0,34080.0,77.7,82.4,33.7,1.4,27.7,82.9,41.7,9.7,,,0.9785994353403529,0.9737026980841901
627,E09000003,,14.4,400000.0,54530.0,81.9,85.0,37.7,1.4,43.5,61.6,35.9,13.6,,,1.009477572863228,1.0263352763590112
628,E09000004,,2.9,250000.0,44430.0,80.3,84.3,38.9,1.2,38.5,50.0,18.1,16.7,,,1.0011642281455309,1.0062847703495554
629,E09000005,,22.4,385000.0,39630.0,80.0,84.9,22.3,2.6,35.6,77.1,63.7,11.1,,,1.0082899521892714,1.0025253004727825
630,E09000006,,3.1,335000.0,55140.0,81.3,84.9,57.4,1.5,37.9,61.2,15.7,17.7,,,1.0082899521892714,1.0188163366054652
631,E09000007,,14.4,675000.0,67990.0,81.1,86.0,24.6,6.5,41.6,124.7,33.7,11.2,,,1.0213537796027954,1.0163100233542832
632,E09000008,,7.9,265000.0,45120.0,80.0,83.5,32.2,1.3,38.6,75.7,44.9,12.9,,,0.991663262753877,1.0025253004727825
633,E09000009,,20.8,388000.0,45690.0,79.9,84.3,31.5,3.0,39.3,75.6,51.0,11.4,,,1.0011642281455309,1.0012721438471917
634,E09000010,,14.1,285000.0,41250.0,80.6,84.3,48.5,1.4,37.9,70.6,39.0,12.9,,,1.0011642281455309,1.0100442402263283
635,E09000011,,9.0,317000.0,44370.0,78.7,82.8,39.3,2.3,37.1,74.4,37.5,10.4,,,0.9833499180361797,0.9862342643400999
636,E09000012,,14.4,433000.0,42690.0,78.2,83.2,28.3,14.6,39.5,101.1,45.3,7.2,,,0.9881004007320067,0.979968481212145
637,E09000013,,14.5,661000.0,62910.0,79.1,83.5,21.1,7.4,43.8,106.2,31.9,9.3,,,0.991663262753877,0.9912468908424636
638,E09000014,,18.5,405000.0,45860.0,80.1,84.7,27.8,4.9,39.0,83.8,39.5,9.0,,,1.0059147108413578,1.0037784570983734
639,E09000015,,15.9,370000.0,49060.0,82.4,85.9,32.1,0.8,41.2,50.3,57.8,14.8,,,1.0201661589288387,1.0326010594869661
640,E09000016,,2.3,250000.0,44430.0,79.8,83.8,59.0,0.9,36.9,62.5,12.3,18.4,,,0.9952261247757471,1.0000189872216005
641,E09000017,,9.8,307000.0,44950.0,80.4,83.7,45.0,1.5,36.4,67.2,39.4,13.1,,,0.9940385041017904,1.0075379269751465
642,E09000018,,17.1,319950.0,44490.0,79.7,83.4,37.5,3.3,34.1,75.0,48.6,11.2,,,0.9904756420799202,0.9987658305960097
643,E09000019,,12.2,530000.0,54950.0,78.2,83.4,13.7,9.6,40.8,114.1,31.8,8.6,,,0.9904756420799202,0.979968481212145
644,E09000020,,20.9,1195000.0,116350.0,82.6,86.2,19.8,4.9,36.2,115.5,29.4,13.6,,,1.0237290209507088,1.035107372738148
645,E09000021,,9.2,385000.0,56920.0,81.3,84.5,36.9,4.1,40.9,55.7,25.5,13.3,,,1.0035394694934443,1.0188163366054652
646,E09000022,,12.1,420000.0,48610.0,78.4,83.5,20.7,8.1,37.0,104.8,42.9,7.7,,,0.991663262753877,0.982474794463327
647,E09000023,,9.2,315000.0,43360.0,78.7,83.0,22.1,4.0,37.3,78.0,46.5,9.2,,,0.9857251593840932,0.9862342643400999
648,E09000024,,11.9,385000.0,57160.0,80.3,84.1,35.9,3.4,41.3,57.1,35.1,12.2,,,0.9987889867976173,1.0062847703495554
649,E09000025,,24.3,250000.0,34260.0,78.5,82.6,29.9,1.7,33.0,91.0,71.0,6.6,,,0.9809746766882662,0.9837279510889179
650,E09000026,,12.4,301500.0,45380.0,80.7,84.2,40.3,1.1,37.0,69.5,57.5,12.2,,,0.9999766074715741,1.0112973968519194
651,E09000027,,6.0,535000.0,76610.0,81.9,85.9,57.0,6.1,48.2,55.0,14.0,14.7,,,1.0201661589288387,1.0263352763590112
652,E09000028,,11.0,420000.0,48000.0,78.6,83.8,22.6,7.4,39.0,104.5,45.8,7.7,,,0.9952261247757471,0.9849811077145088
653,E09000029,,5.5,285000.0,49170.0,80.8,84.1,33.9,2.1,39.9,53.1,21.4,15.2,,,0.9987889867976173,1.0125505534775103
654,E09000030,,19.4,383000.0,45720.0,77.5,82.6,26.9,6.7,37.7,99.5,54.8,5.7,,,0.9809746766882662,0.9711963848330081
655,E09000031,,14.5,320000.0,39460.0,79.7,83.7,34.8,2.8,37.6,83.1,47.8,10.2,,,0.9940385041017904,0.9987658305960097
656,E09000032,,9.9,532500.0,66220.0,79.2,83.3,31.6,7.4,40.7,71.6,28.6,8.9,,,0.9892880214059634,0.9925000474680548
657,E09000033,,22.4,875000.0,80760.0,81.7,85.9,28.6,4.8,37.7,238.3,38.3,11.4,,,1.0201661589288387,1.0238289631078292
658,E12000007,London,12.9,365000.0,51770.0,79.7,84.1,39.1,4.0,34.2,83.3,40.2,11.4,74.0,26.0,0.9987889867976173,0.9987658305960097
659,E92000001,,4.4,198000.0,30763.3,79.1,83.0,,2.9,,66.9,14.6,17.8,,,0.9857251593840932,0.9912468908424636
